{
  "layers_analyzed": [
    0,
    4,
    8,
    12,
    16,
    20,
    24,
    28,
    31
  ],
  "d_model": 4096,
  "n_layers": 32,
  "n_components": 10,
  "n_member": 1000,
  "n_nonmember": 1000,
  "per_layer": {
    "0": {
      "layer": 0,
      "d_K_norm": 0.0007157075451686978,
      "d_R_norm": 0.0022907245438545942,
      "cosine_d_K_d_R": -0.2741630971431732,
      "principal_angles_deg": [
        40.29820251464844,
        30.2425537109375,
        21.95148277282715,
        20.64370346069336,
        19.654123306274414,
        13.317643165588379,
        12.06785774230957,
        11.6204252243042,
        10.334296226501465,
        6.79224967956543
      ],
      "mean_principal_angle_deg": 18.69225311279297,
      "min_principal_angle_deg": 6.79224967956543,
      "max_principal_angle_deg": 40.29820251464844,
      "S_K_variance_explained": [
        0.11765110492706299,
        0.04380233585834503,
        0.042007870972156525,
        0.031348224729299545,
        0.0246253851801157,
        0.015362471342086792,
        0.014215035364031792,
        0.013220061548054218,
        0.011108210310339928,
        0.010425805114209652
      ],
      "S_R_variance_explained": [
        0.10374698787927628,
        0.04549788311123848,
        0.04224380850791931,
        0.034681372344493866,
        0.0264053326100111,
        0.016893232241272926,
        0.01628454029560089,
        0.01463617105036974,
        0.01240061316639185,
        0.010844545438885689
      ],
      "S_K_cumulative_var": 0.3237665295600891,
      "S_R_cumulative_var": 0.323634535074234,
      "membership_probe": {
        "auroc_mean": 0.5,
        "auroc_std": 0.0,
        "auroc_per_fold": [
          0.5,
          0.5,
          0.5,
          0.5,
          0.5
        ]
      },
      "recall_probe": {
        "auroc_mean": 0.5,
        "auroc_std": 0.0,
        "auroc_per_fold": [
          0.5,
          0.5,
          0.5,
          0.5,
          0.5
        ]
      }
    },
    "4": {
      "layer": 4,
      "d_K_norm": 0.014253620989620686,
      "d_R_norm": 0.17403200268745422,
      "cosine_d_K_d_R": -0.305920273065567,
      "principal_angles_deg": [
        38.95991897583008,
        28.557981491088867,
        17.644323348999023,
        16.43462371826172,
        14.706639289855957,
        12.936487197875977,
        12.342560768127441,
        11.963655471801758,
        8.511274337768555,
        4.1490607261657715
      ],
      "mean_principal_angle_deg": 16.62065315246582,
      "min_principal_angle_deg": 4.1490607261657715,
      "max_principal_angle_deg": 38.95991897583008,
      "S_K_variance_explained": [
        0.25426098704338074,
        0.045872870832681656,
        0.03196734935045242,
        0.027220401912927628,
        0.02374594286084175,
        0.022157246246933937,
        0.02010232023894787,
        0.016213420778512955,
        0.015405163168907166,
        0.01256628055125475
      ],
      "S_R_variance_explained": [
        0.22372011840343475,
        0.04608668386936188,
        0.032912373542785645,
        0.0296437107026577,
        0.028073661029338837,
        0.02284139208495617,
        0.02144533023238182,
        0.019497431814670563,
        0.0158870629966259,
        0.014328106306493282
      ],
      "S_K_cumulative_var": 0.4695119857788086,
      "S_R_cumulative_var": 0.4544358551502228,
      "membership_probe": {
        "auroc_mean": 0.5269600000000001,
        "auroc_std": 0.022148547356429498,
        "auroc_per_fold": [
          0.5203,
          0.521,
          0.551575,
          0.49185,
          0.550075
        ]
      },
      "recall_probe": {
        "auroc_mean": 0.79294,
        "auroc_std": 0.044045276704772776,
        "auroc_per_fold": [
          0.8733,
          0.7802,
          0.7383,
          0.7842000000000001,
          0.7887000000000001
        ]
      }
    },
    "8": {
      "layer": 8,
      "d_K_norm": 0.0697685033082962,
      "d_R_norm": 0.1913653314113617,
      "cosine_d_K_d_R": -0.27035945653915405,
      "principal_angles_deg": [
        85.37348175048828,
        28.543792724609375,
        23.903255462646484,
        21.383459091186523,
        19.930919647216797,
        15.995553970336914,
        15.356849670410156,
        14.8867826461792,
        12.78152084350586,
        11.381051063537598
      ],
      "mean_principal_angle_deg": 24.95366668701172,
      "min_principal_angle_deg": 11.381051063537598,
      "max_principal_angle_deg": 85.37348175048828,
      "S_K_variance_explained": [
        0.043996334075927734,
        0.037792351096868515,
        0.03125758469104767,
        0.028429923579096794,
        0.02425246313214302,
        0.01977614127099514,
        0.019172733649611473,
        0.01712147891521454,
        0.014951037243008614,
        0.013532132841646671
      ],
      "S_R_variance_explained": [
        0.04401516914367676,
        0.03416059538722038,
        0.030770093202590942,
        0.028633471578359604,
        0.025450324639678,
        0.021071461960673332,
        0.018753502517938614,
        0.01743985153734684,
        0.01652996428310871,
        0.014325597323477268
      ],
      "S_K_cumulative_var": 0.2502821981906891,
      "S_R_cumulative_var": 0.2511500418186188,
      "membership_probe": {
        "auroc_mean": 0.7587149999999999,
        "auroc_std": 0.020631496552601325,
        "auroc_per_fold": [
          0.7457249999999999,
          0.76885,
          0.747725,
          0.737,
          0.794275
        ]
      },
      "recall_probe": {
        "auroc_mean": 0.7870000000000001,
        "auroc_std": 0.036644235563045954,
        "auroc_per_fold": [
          0.8594,
          0.7652,
          0.7605999999999999,
          0.773,
          0.7768
        ]
      }
    },
    "12": {
      "layer": 12,
      "d_K_norm": 0.1571434885263443,
      "d_R_norm": 0.21971064805984497,
      "cosine_d_K_d_R": -0.09201275557279587,
      "principal_angles_deg": [
        55.937644958496094,
        27.796812057495117,
        23.965187072753906,
        22.770931243896484,
        21.438766479492188,
        18.560222625732422,
        16.50251579284668,
        15.640884399414062,
        14.22425651550293,
        11.65864372253418
      ],
      "mean_principal_angle_deg": 22.84958839416504,
      "min_principal_angle_deg": 11.65864372253418,
      "max_principal_angle_deg": 55.937644958496094,
      "S_K_variance_explained": [
        0.043053869158029556,
        0.030829668045043945,
        0.028739221394062042,
        0.025344017893075943,
        0.020733652636408806,
        0.020259201526641846,
        0.01833256520330906,
        0.016078580170869827,
        0.015598732978105545,
        0.01377836149185896
      ],
      "S_R_variance_explained": [
        0.04104199260473251,
        0.03133142367005348,
        0.02865666151046753,
        0.02444326877593994,
        0.021270504221320152,
        0.019263245165348053,
        0.0188339464366436,
        0.017011133953928947,
        0.01627228409051895,
        0.014481079764664173
      ],
      "S_K_cumulative_var": 0.2327478677034378,
      "S_R_cumulative_var": 0.23260553181171417,
      "membership_probe": {
        "auroc_mean": 0.9186949999999999,
        "auroc_std": 0.007851487120284967,
        "auroc_per_fold": [
          0.9200750000000001,
          0.9186,
          0.9067749999999999,
          0.9166749999999999,
          0.93135
        ]
      },
      "recall_probe": {
        "auroc_mean": 0.75756,
        "auroc_std": 0.027445990599721474,
        "auroc_per_fold": [
          0.8065,
          0.7216,
          0.754,
          0.7561000000000001,
          0.7496
        ]
      }
    },
    "16": {
      "layer": 16,
      "d_K_norm": 0.33139768242836,
      "d_R_norm": 0.2803012728691101,
      "cosine_d_K_d_R": -0.010323372669517994,