{
  "layers_analyzed": [
    0,
    4,
    8,
    12,
    16,
    20,
    24,
    28,
    31
  ],
  "d_model": 4544,
  "n_layers": 32,
  "n_components": 10,
  "n_member": 1000,
  "n_nonmember": 1000,
  "per_layer": {
    "0": {
      "layer": 0,
      "d_K_norm": 0.01299184001982212,
      "d_R_norm": 0.0792553573846817,
      "cosine_d_K_d_R": -0.19087176024913788,
      "principal_angles_deg": [
        71.77157592773438,
        22.129648208618164,
        20.966650009155273,
        15.832616806030273,
        13.609235763549805,
        13.030925750732422,
        11.710542678833008,
        9.606779098510742,
        7.332502365112305,
        6.556998252868652
      ],
      "mean_principal_angle_deg": 19.254745483398438,
      "min_principal_angle_deg": 6.556998252868652,
      "max_principal_angle_deg": 71.77157592773438,
      "S_K_variance_explained": [
        0.10441241413354874,
        0.07772597670555115,
        0.04590880125761032,
        0.0436769463121891,
        0.02851778082549572,
        0.02536403201520443,
        0.021887831389904022,
        0.01964602805674076,
        0.017187481746077538,
        0.014664288610219955
      ],
      "S_R_variance_explained": [
        0.09706972539424896,
        0.07988370954990387,
        0.04981803521513939,
        0.03936871513724327,
        0.029243629425764084,
        0.02616215869784355,
        0.024552127346396446,
        0.02169751562178135,
        0.017459379509091377,
        0.016028011217713356
      ],
      "S_K_cumulative_var": 0.39899158477783203,
      "S_R_cumulative_var": 0.40128302574157715,
      "membership_probe": {
        "auroc_mean": 0.48888499999999996,
        "auroc_std": 0.015382080483471656,
        "auroc_per_fold": [
          0.47175,
          0.47404999999999997,
          0.49697499999999994,
          0.48819999999999997,
          0.51345
        ]
      },
      "recall_probe": {
        "auroc_mean": 0.76036,
        "auroc_std": 0.018197208577141737,
        "auroc_per_fold": [
          0.747,
          0.7621,
          0.7934,
          0.7408999999999999,
          0.7584
        ]
      }
    },
    "4": {
      "layer": 4,
      "d_K_norm": 0.21150153875350952,
      "d_R_norm": 1.4778614044189453,
      "cosine_d_K_d_R": -0.06154023855924606,
      "principal_angles_deg": [
        36.4970817565918,
        28.438383102416992,
        24.767906188964844,
        15.567831039428711,
        14.454021453857422,
        10.985254287719727,
        9.82562255859375,
        9.293798446655273,
        7.199474811553955,
        4.9870829582214355
      ],
      "mean_principal_angle_deg": 16.201644897460938,
      "min_principal_angle_deg": 4.9870829582214355,
      "max_principal_angle_deg": 36.4970817565918,
      "S_K_variance_explained": [
        0.12968114018440247,
        0.08902230858802795,
        0.044051628559827805,
        0.03690826892852783,
        0.0357021763920784,
        0.025201719254255295,
        0.024913158267736435,
        0.020883353427052498,
        0.016899948939681053,
        0.01479166466742754
      ],
      "S_R_variance_explained": [
        0.14022748172283173,
        0.07718732953071594,
        0.04509631171822548,
        0.0373263880610466,
        0.034954898059368134,
        0.028200149536132812,
        0.024328870698809624,
        0.01774371787905693,
        0.01729557476937771,
        0.016423005610704422
      ],
      "S_K_cumulative_var": 0.4380553960800171,
      "S_R_cumulative_var": 0.43878376483917236,
      "membership_probe": {
        "auroc_mean": 0.47912499999999997,
        "auroc_std": 0.020275305176494892,
        "auroc_per_fold": [
          0.50405,
          0.4878,
          0.46147499999999997,
          0.4497,
          0.49260000000000004
        ]
      },
      "recall_probe": {
        "auroc_mean": 0.79816,
        "auroc_std": 0.03374650204095234,
        "auroc_per_fold": [
          0.7597999999999999,
          0.7849999999999999,
          0.8419,
          0.8344999999999999,
          0.7696
        ]
      }
    },
    "8": {
      "layer": 8,
      "d_K_norm": 0.3673720359802246,
      "d_R_norm": 2.4139862060546875,
      "cosine_d_K_d_R": 0.04589030519127846,
      "principal_angles_deg": [
        29.786802291870117,
        22.441383361816406,
        22.020572662353516,
        15.949095726013184,
        14.22475814819336,
        13.826177597045898,
        12.624948501586914,
        10.467789649963379,
        8.804877281188965,
        7.052089691162109
      ],
      "mean_principal_angle_deg": 15.719850540161133,
      "min_principal_angle_deg": 7.052089691162109,
      "max_principal_angle_deg": 29.786802291870117,
      "S_K_variance_explained": [
        0.08224126696586609,
        0.07276396453380585,
        0.039868976920843124,
        0.036784570664167404,
        0.031110016629099846,
        0.024583891034126282,
        0.023695310577750206,
        0.021959051489830017,
        0.018916109576821327,
        0.015375631861388683
      ],
      "S_R_variance_explained": [
        0.0902937576174736,
        0.06022922694683075,
        0.04321995750069618,
        0.03488433361053467,
        0.03130977600812912,
        0.029192689806222916,
        0.02362450584769249,
        0.020034383982419968,
        0.01923595927655697,
        0.015703169628977776
      ],
      "S_K_cumulative_var": 0.36729881167411804,
      "S_R_cumulative_var": 0.36772775650024414,
      "membership_probe": {
        "auroc_mean": 0.5,
        "auroc_std": 0.016119607625497582,
        "auroc_per_fold": [
          0.5166000000000001,
          0.502525,
          0.518025,
          0.48250000000000004,
          0.48035
        ]
      },
      "recall_probe": {
        "auroc_mean": 0.82556,
        "auroc_std": 0.03184836573515192,
        "auroc_per_fold": [
          0.7906,
          0.8089,
          0.8653,
          0.8624999999999999,
          0.8005
        ]
      }
    },
    "12": {
      "layer": 12,
      "d_K_norm": 0.4866815209388733,
      "d_R_norm": 2.8259494304656982,
      "cosine_d_K_d_R": 0.08716364204883575,
      "principal_angles_deg": [
        84.26205444335938,
        26.08234214782715,
        20.145998001098633,
        18.179088592529297,
        15.886921882629395,
        14.987770080566406,
        14.37407112121582,
        11.401775360107422,
        9.999937057495117,
        8.825990676879883
      ],
      "mean_principal_angle_deg": 22.414596557617188,
      "min_principal_angle_deg": 8.825990676879883,
      "max_principal_angle_deg": 84.26205444335938,
      "S_K_variance_explained": [
        0.0682985708117485,
        0.05475839972496033,
        0.03649824485182762,
        0.03440947085618973,
        0.02572469785809517,
        0.022826852276921272,
        0.020319601520895958,
        0.018466424196958542,
        0.014743215404450893,
        0.013714167289435863
      ],
      "S_R_variance_explained": [
        0.06894784420728683,
        0.049398623406887054,
        0.039922814816236496,
        0.033481597900390625,
        0.02596779726445675,
        0.025536710396409035,
        0.020047031342983246,
        0.017509305849671364,
        0.015081916004419327,
        0.013698198832571507
      ],
      "S_K_cumulative_var": 0.30975964665412903,
      "S_R_cumulative_var": 0.3095918297767639,
      "membership_probe": {
        "auroc_mean": 0.54854,
        "auroc_std": 0.018513661172226303,
        "auroc_per_fold": [
          0.57655,
          0.5601,
          0.524475,
          0.53385,
          0.547725
        ]
      },
      "recall_probe": {
        "auroc_mean": 0.8458600000000001,
        "auroc_std": 0.02618500334160757,
        "auroc_per_fold": [
          0.8196,
          0.8219,
          0.8809999999999999,
          0.8736,
          0.8331999999999999
        ]
      }
    },
    "16": {
      "layer": 16,
      "d_K_norm": 0.8903637528419495,