{
  "layers_analyzed": [
    0,
    4,
    8,
    12,
    16,
    20,
    24,
    28,
    31
  ],
  "d_model": 2560,
  "n_layers": 32,
  "n_components": 10,
  "n_member": 1000,
  "n_nonmember": 1000,
  "per_layer": {
    "0": {
      "layer": 0,
      "d_K_norm": 0.004079866223037243,
      "d_R_norm": 0.009279285557568073,
      "cosine_d_K_d_R": -0.15043935179710388,
      "principal_angles_deg": [
        87.54145812988281,
        81.09904479980469,
        78.31365966796875,
        74.64398956298828,
        72.18229675292969,
        61.27523422241211,
        53.58553695678711,
        50.26300811767578,
        43.78729248046875,
        22.164766311645508
      ],
      "mean_principal_angle_deg": 62.485633850097656,
      "min_principal_angle_deg": 22.164766311645508,
      "max_principal_angle_deg": 87.54145812988281,
      "S_K_variance_explained": [
        0.014039616100490093,
        0.01098503079265356,
        0.008166268467903137,
        0.007730494718998671,
        0.006797857116907835,
        0.0059701912105083466,
        0.005422873888164759,
        0.005168168339878321,
        0.00491692591458559,
        0.004514267202466726
      ],
      "S_R_variance_explained": [
        0.01809030771255493,
        0.01352666225284338,
        0.010841280221939087,
        0.01055650319904089,
        0.00724983774125576,
        0.007159667555242777,
        0.006815777160227299,
        0.006513283587992191,
        0.005643323063850403,
        0.005212047602981329
      ],
      "S_K_cumulative_var": 0.07371170073747635,
      "S_R_cumulative_var": 0.0916086882352829,
      "membership_probe": {
        "auroc_mean": 0.494455,
        "auroc_std": 0.017991882892015497,
        "auroc_per_fold": [
          0.5,
          0.48014999999999997,
          0.49687499999999996,
          0.471575,
          0.523675
        ]
      },
      "recall_probe": {
        "auroc_mean": 0.59688,
        "auroc_std": 0.039302488470833515,
        "auroc_per_fold": [
          0.5554,
          0.5685,
          0.6499,
          0.5718,
          0.6388
        ]
      }
    },
    "4": {
      "layer": 4,
      "d_K_norm": 0.2804504334926605,
      "d_R_norm": 0.9463299512863159,
      "cosine_d_K_d_R": -0.026632659137248993,
      "principal_angles_deg": [
        89.4728775024414,
        73.39949035644531,
        64.9324722290039,
        60.20430374145508,
        56.9544792175293,
        47.07625198364258,
        40.70556640625,
        37.4805793762207,
        36.40333938598633,
        33.79246520996094
      ],
      "mean_principal_angle_deg": 54.04218292236328,
      "min_principal_angle_deg": 33.79246520996094,
      "max_principal_angle_deg": 89.4728775024414,
      "S_K_variance_explained": [
        0.023952877148985863,
        0.014486880041658878,
        0.01399837713688612,
        0.010803156532347202,
        0.010359451174736023,
        0.008832400664687157,
        0.00800644513219595,
        0.007693716324865818,
        0.007055027410387993,
        0.006208672653883696
      ],
      "S_R_variance_explained": [
        0.04599083214998245,
        0.026361633092164993,
        0.022368857637047768,
        0.01687386818230152,
        0.01393638551235199,
        0.013205086812376976,
        0.010738239623606205,
        0.010182037949562073,
        0.008909869939088821,
        0.008203807286918163
      ],
      "S_K_cumulative_var": 0.11139700561761856,
      "S_R_cumulative_var": 0.17677061259746552,
      "membership_probe": {
        "auroc_mean": 0.5075299999999999,
        "auroc_std": 0.023721242589712702,
        "auroc_per_fold": [
          0.5205,
          0.518875,
          0.5375,
          0.4889,
          0.471875
        ]
      },
      "recall_probe": {
        "auroc_mean": 0.68076,
        "auroc_std": 0.027099490770123337,
        "auroc_per_fold": [
          0.6387,
          0.7110000000000001,
          0.6629,
          0.7063,
          0.6848999999999998
        ]
      }
    },
    "8": {
      "layer": 8,
      "d_K_norm": 0.5418345928192139,
      "d_R_norm": 1.5305397510528564,
      "cosine_d_K_d_R": 0.1461198925971985,
      "principal_angles_deg": [
        86.30477142333984,
        74.11336517333984,
        72.82221984863281,
        61.794151306152344,
        61.18706512451172,
        52.864620208740234,
        46.859535217285156,
        38.51886749267578,
        34.46101760864258,
        32.50520706176758
      ],
      "mean_principal_angle_deg": 56.1430778503418,
      "min_principal_angle_deg": 32.50520706176758,
      "max_principal_angle_deg": 86.30477142333984,
      "S_K_variance_explained": [
        0.018812574446201324,
        0.013904837891459465,
        0.010842492803931236,
        0.010366919450461864,
        0.009202939458191395,
        0.008203747682273388,
        0.007751593831926584,
        0.007129945792257786,
        0.0068640015088021755,
        0.006598707288503647
      ],
      "S_R_variance_explained": [
        0.02528209798038006,
        0.01975126378238201,
        0.013773643411695957,
        0.01316752564162016,
        0.011655929498374462,
        0.010949474759399891,
        0.010052836500108242,
        0.008529248647391796,
        0.008236554451286793,
        0.008156850002706051
      ],
      "S_K_cumulative_var": 0.09967775642871857,
      "S_R_cumulative_var": 0.12955541908740997,
      "membership_probe": {
        "auroc_mean": 0.543005,
        "auroc_std": 0.03148285803417474,
        "auroc_per_fold": [
          0.564525,
          0.5001,
          0.5419,
          0.519625,
          0.588875
        ]
      },
      "recall_probe": {
        "auroc_mean": 0.69176,
        "auroc_std": 0.026365629140985836,
        "auroc_per_fold": [
          0.6496,
          0.6934,
          0.6777,
          0.717,
          0.7211000000000001
        ]
      }
    },
    "12": {
      "layer": 12,
      "d_K_norm": 0.7866125106811523,
      "d_R_norm": 1.758763074874878,
      "cosine_d_K_d_R": 0.23468279838562012,
      "principal_angles_deg": [
        89.6743392944336,
        81.3948745727539,
        67.88556671142578,
        65.82672882080078,
        59.813533782958984,
        55.19776153564453,
        49.590423583984375,
        44.719669342041016,
        36.890419006347656,
        35.63557815551758
      ],
      "mean_principal_angle_deg": 58.66289138793945,
      "min_principal_angle_deg": 35.63557815551758,
      "max_principal_angle_deg": 89.6743392944336,
      "S_K_variance_explained": [
        0.017269043251872063,
        0.011919476091861725,
        0.01000708993524313,
        0.009327150881290436,
        0.007806519046425819,
        0.0075943986885249615,
        0.007040306925773621,
        0.006922218482941389,
        0.006461749784648418,
        0.006274389568716288
      ],
      "S_R_variance_explained": [
        0.01848035864531994,
        0.017102869227528572,
        0.012834671884775162,
        0.010818693786859512,
        0.010111414827406406,
        0.00916837714612484,
        0.008774538524448872,
        0.00822471920400858,
        0.00763519573956728,
        0.007108502555638552
      ],
      "S_K_cumulative_var": 0.09062234312295914,
      "S_R_cumulative_var": 0.11025934666395187,
      "membership_probe": {
        "auroc_mean": 0.683425,
        "auroc_std": 0.030309433350031504,
        "auroc_per_fold": [
          0.6562749999999999,
          0.7273000000000001,
          0.657375,
          0.6635,
          0.7126750000000001
        ]
      },
      "recall_probe": {
        "auroc_mean": 0.69984,
        "auroc_std": 0.03391310071344114,
        "auroc_per_fold": [
          0.6453,
          0.7464000000000001,
          0.6845000000000001,
          0.7044,
          0.7186000000000001
        ]
      }
    },
    "16": {
      "layer": 16,
      "d_K_norm": 1.2311925888061523,
      "d_R_norm": 2.087857484817505,