{
  "model_tag": "p12b",
  "model_path": "runs/controlled_ft/run_20260308_001316/ft_epoch5/model",
  "bcd_dir": "runs/dark_subspace/behavioral_channels/p12b_epoch5 (not bundled in this artefact; canonical run-time output of the matching script in scripts/dark_subspace/)",
  "sae_path": "runs/sae/memcirc_p12b_epoch5_layer18_4x_l1_5e4_member/sae_final.pt",
  "layer": 18,
  "K": 10,
  "is_primary_K": false,
  "gate_pass": true,
  "n_member": 1000,
  "n_nonmember": 1000,
  "probe_seeds": [
    0,
    1,
    2
  ],
  "probe_n_folds": 5,
  "probe_solver": "lbfgs",
  "probe_C": 1.0,
  "probe_weights_sha256": "99958b5ea4899ee4e48d4a8b860d29a17a32509d791ad59f40d032b1dd9bc063",
  "auroc_h_mean": 0.7310016666666667,
  "auroc_h_folds": [
    0.730475,
    0.7406499999999999,
    0.74675,
    0.7182000000000001,
    0.7261000000000001,
    0.7450749999999999,
    0.7070000000000001,
    0.72665,
    0.7373000000000001,
    0.7439,
    0.751425,
    0.7559750000000001,
    0.7227250000000001,
    0.71845,
    0.69435
  ],
  "auroc_h_by_seed": {
    "0": [
      0.730475,
      0.7406499999999999,
      0.74675,
      0.7182000000000001,
      0.7261000000000001
    ],
    "1": [
      0.7450749999999999,
      0.7070000000000001,
      0.72665,
      0.7373000000000001,
      0.7439
    ],
    "2": [
      0.751425,
      0.7559750000000001,
      0.7227250000000001,
      0.71845,
      0.69435
    ]
  },
  "auroc_ablated_mean": 0.5549808333333334,
  "auroc_ablated_folds": [
    0.5652874999999999,
    0.553975,
    0.5518375000000001,
    0.5462999999999999,
    0.55415,
    0.5663125,
    0.533925,
    0.5609125,
    0.5286500000000001,
    0.569025,
    0.5424875000000001,
    0.591125,
    0.5641875,
    0.5605625000000001,
    0.535975
  ],
  "auroc_ablated_by_seed": {
    "0": [
      0.5652874999999999,
      0.553975,
      0.5518375000000001,
      0.5462999999999999,
      0.55415
    ],
    "1": [
      0.5663125,
      0.533925,
      0.5609125,
      0.5286500000000001,
      0.569025
    ],
    "2": [
      0.5424875000000001,
      0.591125,
      0.5641875,
      0.5605625000000001,
      0.535975
    ]
  },
  "delta_auroc_mean": 0.17602083333333332,
  "delta_auroc_folds": [
    0.16518750000000004,
    0.18667499999999992,
    0.19491249999999993,
    0.17190000000000016,
    0.17195000000000005,
    0.17876249999999994,
    0.1730750000000001,
    0.16573749999999998,
    0.20865,
    0.174875,
    0.2089374999999999,
    0.16485000000000005,
    0.1585375000000001,
    0.15788749999999996,
    0.15837500000000004
  ],
  "delta_bootstrap": {
    "n_boot": 10000,
    "mean": 0.17599961883333332,
    "std": 0.005583375459168522,
    "ci95_lo": 0.16511154166666664,
    "ci95_hi": 0.18710599999999997,
    "p_one_sided_leq0": 0.0
  },
  "control_c1_random_orthonormal_K": {
    "n_seeds": 100,
    "mean": 0.7305769333333333,
    "std": 0.001008175517126507,
    "pct05": 0.7289880833333334,
    "pct50": 0.7307874999999999,
    "pct95": 0.731865,
    "aurocs": [
      0.7319300000000002,
      0.730655,
      0.72989,
      0.7307966666666666,
      0.7304766666666666,
      0.7314050000000001,
      0.7308366666666666,
      0.7306916666666667,
      0.7298966666666667,
      0.7307416666666666,
      0.7293916666666667,
      0.7273649999999999,
      0.7309816666666668,
      0.7277333333333335,
      0.7297616666666668,
      0.73006,
      0.7290033333333334,
      0.7309633333333333,
      0.7305600000000001,
      0.7314849999999998,
      0.7318083333333333,
      0.7312833333333333,
      0.7311716666666668,
      0.7318633333333333,
      0.731835,
      0.7298100000000001,
      0.7299016666666667,
      0.7310216666666667,
      0.7291216666666667,
      0.7293383333333333,
      0.7305766666666667,
      0.7307533333333331,
      0.72914,
      0.7293266666666667,
      0.7315633333333335,
      0.73132,
      0.7310383333333335,
      0.7285533333333334,
      0.7316300000000001,
      0.7315466666666667,
      0.7315616666666666,
      0.7316283333333333,
      0.7300083333333333,
      0.7319383333333334,
      0.7312233333333332,
      0.7308433333333332,
      0.7313883333333332,
      0.7313916666666667,
      0.7295116666666668,
      0.7294133333333334,
      0.7286666666666667,
      0.729235,
      0.7305149999999999,
      0.7306266666666665,
      0.7308583333333333,
      0.7317233333333334,
      0.7300566666666666,
      0.7293283333333334,
      0.7298100000000002,
      0.731345,
      0.7298949999999997,
      0.729965,
      0.7312883333333333,
      0.7294416666666664,
      0.7307783333333333,
      0.7294300000000001,
      0.7318416666666666,
      0.7316133333333332,
      0.729885,
      0.7308283333333334,
      0.729465,
      0.7317533333333334,
      0.7309633333333333,
      0.72975,
      0.7308883333333335,
      0.7311316666666667,
      0.7293316666666668,
      0.7286983333333332,
      0.7316666666666666,
      0.7312416666666665,
      0.7316083333333333,
      0.7311483333333334,
      0.73103,
      0.7327266666666665,
      0.73065,
      0.7308149999999999,
      0.7319083333333332,
      0.730865,
      0.7304783333333336,
      0.7315283333333332,
      0.7314633333333334,
      0.7318966666666665,
      0.7316966666666667,
      0.7295366666666667,
      0.7305133333333332,
      0.7309966666666665,
      0.7304866666666666,
      0.7294833333333333,
      0.7304966666666667,
      0.7302066666666668
    ]
  },
  "control_c2_matched_gaussian": {
    "n_seeds": 100,
    "mean": 0.6781922166666667,
    "std": 0.0066947602979867795,
    "pct05": 0.6677526666666668,
    "pct50": 0.6778366666666666,
    "pct95": 0.6899268333333334,