{
  "layers_analyzed": [
    0,
    2,
    4,
    6,
    8,
    10,
    12,
    14,
    15
  ],
  "d_model": 2048,
  "n_layers": 16,
  "n_components": 10,
  "n_member": 1000,
  "n_nonmember": 1000,
  "per_layer": {
    "0": {
      "layer": 0,
      "d_K_norm": 0.0042480118572711945,
      "d_R_norm": 0.01918267086148262,
      "cosine_d_K_d_R": -0.11172161996364594,
      "principal_angles_deg": [
        42.75446701049805,
        30.797887802124023,
        28.256195068359375,
        24.185056686401367,
        19.1782283782959,
        17.67208480834961,
        15.338937759399414,
        12.6965913772583,
        11.270734786987305,
        9.715632438659668
      ],
      "mean_principal_angle_deg": 21.186582565307617,
      "min_principal_angle_deg": 9.715632438659668,
      "max_principal_angle_deg": 42.75446701049805,
      "S_K_variance_explained": [
        0.0693863183259964,
        0.044220346957445145,
        0.029892733320593834,
        0.026153413578867912,
        0.01954374834895134,
        0.018334519118070602,
        0.014458411373198032,
        0.013083871454000473,
        0.012146246619522572,
        0.011452244594693184
      ],
      "S_R_variance_explained": [
        0.06574355065822601,
        0.04631807655096054,
        0.03132034093141556,
        0.027183610945940018,
        0.020023558288812637,
        0.019498100504279137,
        0.01524080615490675,
        0.014579849317669868,
        0.013235736638307571,
        0.01253705844283104
      ],
      "S_K_cumulative_var": 0.2586718499660492,
      "S_R_cumulative_var": 0.2656807005405426,
      "membership_probe": {
        "auroc_mean": 0.48764,
        "auroc_std": 0.014060810787433254,
        "auroc_per_fold": [
          0.50195,
          0.47697500000000004,
          0.480575,
          0.47182500000000005,
          0.506875
        ]
      },
      "recall_probe": {
        "auroc_mean": 0.73758,
        "auroc_std": 0.025275949042518633,
        "auroc_per_fold": [
          0.7301000000000001,
          0.7152000000000001,
          0.7342,
          0.7864,
          0.7220000000000001
        ]
      }
    },
    "2": {
      "layer": 2,
      "d_K_norm": 0.16880089044570923,
      "d_R_norm": 1.0741937160491943,
      "cosine_d_K_d_R": 0.003817689837887883,
      "principal_angles_deg": [
        34.93414306640625,
        18.86317253112793,
        15.231630325317383,
        14.341961860656738,
        12.201605796813965,
        9.909408569335938,
        9.812453269958496,
        8.989879608154297,
        8.810218811035156,
        6.6770501136779785
      ],
      "mean_principal_angle_deg": 13.977152824401855,
      "min_principal_angle_deg": 6.6770501136779785,
      "max_principal_angle_deg": 34.93414306640625,
      "S_K_variance_explained": [
        0.10790292918682098,
        0.06430798768997192,
        0.046758417040109634,
        0.04394971579313278,
        0.03392420709133148,
        0.0333247072994709,
        0.025542473420500755,
        0.024771593511104584,
        0.02043147385120392,
        0.01795061305165291
      ],
      "S_R_variance_explained": [
        0.09876248985528946,
        0.059519462287425995,
        0.04966406896710396,
        0.04861891642212868,
        0.03706556186079979,
        0.03262767195701599,
        0.026834964752197266,
        0.026050599291920662,
        0.02157045155763626,
        0.019876796752214432
      ],
      "S_K_cumulative_var": 0.4188641607761383,
      "S_R_cumulative_var": 0.42059099674224854,
      "membership_probe": {
        "auroc_mean": 0.513305,
        "auroc_std": 0.015703211454985926,
        "auroc_per_fold": [
          0.522575,
          0.5327500000000001,
          0.506825,
          0.48669999999999997,
          0.5176750000000001
        ]
      },
      "recall_probe": {
        "auroc_mean": 0.7902199999999999,
        "auroc_std": 0.036741769146299966,
        "auroc_per_fold": [
          0.7231,
          0.7880999999999999,
          0.7981999999999999,
          0.8331,
          0.8086
        ]
      }
    },
    "4": {
      "layer": 4,
      "d_K_norm": 0.2708023488521576,
      "d_R_norm": 1.6680912971496582,
      "cosine_d_K_d_R": -0.015231546945869923,
      "principal_angles_deg": [
        23.3109188079834,
        17.816356658935547,
        17.316795349121094,
        14.582208633422852,
        11.913385391235352,
        11.13021183013916,
        9.860357284545898,
        8.647072792053223,
        7.570827007293701,
        4.255974769592285
      ],
      "mean_principal_angle_deg": 12.640409469604492,
      "min_principal_angle_deg": 4.255974769592285,
      "max_principal_angle_deg": 23.3109188079834,
      "S_K_variance_explained": [
        0.15528470277786255,
        0.07853222638368607,
        0.0529877245426178,
        0.03734954446554184,
        0.03538862615823746,
        0.02709469012916088,
        0.0234537310898304,
        0.02169506810605526,
        0.019754797220230103,
        0.015779821202158928
      ],
      "S_R_variance_explained": [
        0.17946894466876984,
        0.06839980185031891,
        0.053243741393089294,
        0.03906536102294922,
        0.03603243827819824,
        0.02812899462878704,
        0.021855512633919716,
        0.021247010678052902,
        0.018722843378782272,
        0.015637949109077454
      ],
      "S_K_cumulative_var": 0.46732091903686523,
      "S_R_cumulative_var": 0.4818025827407837,
      "membership_probe": {
        "auroc_mean": 0.5096,
        "auroc_std": 0.018546879791490525,
        "auroc_per_fold": [
          0.5367999999999999,
          0.5236000000000001,
          0.504425,
          0.484225,
          0.49895
        ]
      },
      "recall_probe": {
        "auroc_mean": 0.82104,
        "auroc_std": 0.03571266442034254,
        "auroc_per_fold": [
          0.7532,
          0.8394999999999999,
          0.8246999999999999,
          0.8576,
          0.8301999999999999
        ]
      }
    },
    "6": {
      "layer": 6,
      "d_K_norm": 0.3728023171424866,
      "d_R_norm": 2.0659942626953125,
      "cosine_d_K_d_R": 0.010995645076036453,
      "principal_angles_deg": [
        89.70195007324219,
        20.442577362060547,
        18.449827194213867,
        17.16065216064453,
        14.404977798461914,
        12.872483253479004,
        10.462909698486328,
        9.005011558532715,
        8.575142860412598,
        4.392977714538574
      ],
      "mean_principal_angle_deg": 20.546852111816406,
      "min_principal_angle_deg": 4.392977714538574,
      "max_principal_angle_deg": 89.70195007324219,
      "S_K_variance_explained": [
        0.15684108436107635,
        0.0679834634065628,
        0.04584357142448425,
        0.03461837023496628,
        0.031003976240754128,
        0.024372434243559837,
        0.02326139248907566,
        0.02042282372713089,
        0.017062492668628693,
        0.015311143361032009
      ],
      "S_R_variance_explained": [
        0.18111853301525116,
        0.05892179533839226,
        0.04531427472829819,
        0.03612533584237099,
        0.03266274556517601,
        0.024196667596697807,
        0.02095705457031727,
        0.019587378948926926,
        0.017771810293197632,
        0.015733618289232254
      ],
      "S_K_cumulative_var": 0.43672075867652893,
      "S_R_cumulative_var": 0.4523892402648926,
      "membership_probe": {
        "auroc_mean": 0.5185150000000001,
        "auroc_std": 0.023864396074487173,
        "auroc_per_fold": [
          0.54665,
          0.5219,
          0.534925,
          0.47685000000000005,
          0.51225
        ]
      },
      "recall_probe": {
        "auroc_mean": 0.8304600000000001,
        "auroc_std": 0.027972600880147025,
        "auroc_per_fold": [
          0.7797,
          0.849,
          0.837,
          0.8609000000000001,
          0.8257
        ]
      }
    },
    "8": {
      "layer": 8,