{
  "model": "p12b",
  "layer": 24,
  "sae_path": "runs/sae/memcirc_p12b_epoch5_layer24_4x_l1_5e4_member/sae_final.pt",
  "n_member": 1000,
  "n_nonmember": 1000,
  "original": {
    "score_K_auroc": 0.7065670000000001,
    "norm_auroc": 0.531002
  },
  "sae_reconstructed": {
    "score_K_auroc": 0.5639160000000001,
    "norm_auroc": 0.8625065000000001
  },
  "residual": {
    "score_K_auroc": 0.8143230000000001,
    "norm_auroc": 0.9952599999999999
  },
  "sae_quality": {
    "reconstruction_mse": 5555.93212890625,
    "reconstruction_cosine": 0.9847413301467896,
    "d_K_coverage_cosine": -0.24129658937454224,
    "d_K_residual_fraction": 0.9417759776115417,
    "mean_active_features": 12.8565,
    "total_features": 20480,
    "sparsity": 0.0006277587890625
  },
  "dark_subspace_effect": {
    "auroc_drop_from_recon": 0.14265099999999997,
    "auroc_preserved_in_residual": 0.8143230000000001,
    "memorization_is_dark": true
  },
  "timestamp": "2026-03-26 15:31:21 UTC"
}