{
  "layers_analyzed": [
    0,
    4,
    8,
    12,
    16,
    20,
    24,
    28,
    31
  ],
  "d_model": 4096,
  "n_layers": 32,
  "n_components": 10,
  "n_member": 1000,
  "n_nonmember": 1000,
  "per_layer": {
    "0": {
      "layer": 0,
      "d_K_norm": 0.005773335695266724,
      "d_R_norm": 0.02613312005996704,
      "cosine_d_K_d_R": -0.1032254546880722,
      "principal_angles_deg": [
        56.28578186035156,
        29.445226669311523,
        23.258562088012695,
        20.711185455322266,
        16.618444442749023,
        14.287137985229492,
        12.520905494689941,
        11.445290565490723,
        8.090875625610352,
        6.810542583465576
      ],
      "mean_principal_angle_deg": 19.947397232055664,
      "min_principal_angle_deg": 6.810542583465576,
      "max_principal_angle_deg": 56.28578186035156,
      "S_K_variance_explained": [
        0.11347220838069916,
        0.06847599148750305,
        0.03838679566979408,
        0.03026793710887432,
        0.024580754339694977,
        0.02045740745961666,
        0.014607099816203117,
        0.012579064816236496,
        0.01192596834152937,
        0.010393804870545864
      ],
      "S_R_variance_explained": [
        0.11602430790662766,
        0.07581153512001038,
        0.03599662706255913,
        0.029877401888370514,
        0.026444850489497185,
        0.021094590425491333,
        0.013622294180095196,
        0.013408984057605267,
        0.01138503197580576,
        0.011072888970375061
      ],
      "S_K_cumulative_var": 0.3451470136642456,
      "S_R_cumulative_var": 0.3547384738922119,
      "membership_probe": {
        "auroc_mean": 0.5,
        "auroc_std": 0.0,
        "auroc_per_fold": [
          0.5,
          0.5,
          0.5,
          0.5,
          0.5
        ]
      },
      "recall_probe": {
        "auroc_mean": 0.7284799999999999,
        "auroc_std": 0.01756557997903853,
        "auroc_per_fold": [
          0.7562,
          0.729,
          0.7368999999999999,
          0.7141,
          0.7062
        ]
      }
    },
    "4": {
      "layer": 4,
      "d_K_norm": 0.07123428583145142,
      "d_R_norm": 0.5324745178222656,
      "cosine_d_K_d_R": 0.38151323795318604,
      "principal_angles_deg": [
        62.502777099609375,
        26.951889038085938,
        24.12583351135254,
        20.662586212158203,
        19.35679817199707,
        15.550048828125,
        14.575054168701172,
        9.137686729431152,
        5.4528117179870605,
        3.272015333175659
      ],
      "mean_principal_angle_deg": 20.158748626708984,
      "min_principal_angle_deg": 3.272015333175659,
      "max_principal_angle_deg": 62.502777099609375,
      "S_K_variance_explained": [
        0.33230021595954895,
        0.10968413949012756,
        0.03853396326303482,
        0.01883210800588131,
        0.01267567090690136,
        0.011971120722591877,
        0.010590851306915283,
        0.010185563005506992,
        0.008189625106751919,
        0.00755875650793314
      ],
      "S_R_variance_explained": [
        0.335684210062027,
        0.11327752470970154,
        0.041120532900094986,
        0.017371419817209244,
        0.014941287226974964,
        0.01178200263530016,
        0.010185896418988705,
        0.009367560036480427,
        0.008823561482131481,
        0.007676729932427406
      ],
      "S_K_cumulative_var": 0.5605220198631287,
      "S_R_cumulative_var": 0.5702307224273682,
      "membership_probe": {
        "auroc_mean": 0.4987450000000001,
        "auroc_std": 0.015673061283616556,
        "auroc_per_fold": [
          0.490125,
          0.5041500000000001,
          0.526525,
          0.48140000000000005,
          0.491525
        ]
      },
      "recall_probe": {
        "auroc_mean": 0.81852,
        "auroc_std": 0.0270999188190666,
        "auroc_per_fold": [
          0.8194,
          0.7721,
          0.8544,
          0.8329,
          0.8138000000000001
        ]
      }
    },
    "8": {
      "layer": 8,
      "d_K_norm": 0.13375915586948395,
      "d_R_norm": 0.8835023641586304,
      "cosine_d_K_d_R": 0.182691290974617,
      "principal_angles_deg": [
        25.442171096801758,
        22.51042366027832,
        21.301454544067383,
        18.62066650390625,
        15.703442573547363,
        14.020888328552246,
        13.369174003601074,
        12.171015739440918,
        9.877158164978027,
        6.029369831085205
      ],
      "mean_principal_angle_deg": 15.904574394226074,
      "min_principal_angle_deg": 6.029369831085205,
      "max_principal_angle_deg": 25.442171096801758,
      "S_K_variance_explained": [
        0.1414758861064911,
        0.04921576380729675,
        0.03365138918161392,
        0.03062971867620945,
        0.02492421306669712,
        0.022420484572649002,
        0.02012190781533718,
        0.01694091409444809,
        0.015563433058559895,
        0.014634472317993641
      ],
      "S_R_variance_explained": [
        0.14055170118808746,
        0.051755379885435104,
        0.03365553170442581,
        0.030871771275997162,
        0.027658505365252495,
        0.022598734125494957,
        0.020459935069084167,
        0.02002585306763649,
        0.01616011932492256,
        0.015182302333414555
      ],
      "S_K_cumulative_var": 0.36957815289497375,
      "S_R_cumulative_var": 0.3789198696613312,
      "membership_probe": {
        "auroc_mean": 0.49496,
        "auroc_std": 0.006568934464584001,
        "auroc_per_fold": [
          0.5,
          0.501825,
          0.49737499999999996,
          0.491975,
          0.4836250000000001
        ]
      },
      "recall_probe": {
        "auroc_mean": 0.83718,
        "auroc_std": 0.02185226761688587,
        "auroc_per_fold": [
          0.8170000000000001,
          0.8258,
          0.8734,
          0.8511,
          0.8186
        ]
      }
    },
    "12": {
      "layer": 12,
      "d_K_norm": 0.22863134741783142,
      "d_R_norm": 1.3110939264297485,
      "cosine_d_K_d_R": 0.12119720131158829,
      "principal_angles_deg": [
        44.0302734375,
        29.910083770751953,
        23.9218807220459,
        21.585742950439453,
        18.547998428344727,
        16.890174865722656,
        16.303800582885742,
        13.916003227233887,
        12.69941520690918,
        9.488822937011719
      ],
      "mean_principal_angle_deg": 20.729419708251953,
      "min_principal_angle_deg": 9.488822937011719,
      "max_principal_angle_deg": 44.0302734375,
      "S_K_variance_explained": [
        0.06804831326007843,
        0.03782207891345024,
        0.03018554300069809,
        0.026461517438292503,
        0.024859121069312096,
        0.019876062870025635,
        0.01924953982234001,
        0.0174995269626379,
        0.016036368906497955,
        0.014255481772124767
      ],
      "S_R_variance_explained": [
        0.06512920558452606,
        0.037379465997219086,
        0.03235705569386482,
        0.026370124891400337,
        0.025040263310074806,
        0.02308277226984501,
        0.020730769261717796,
        0.018428949639201164,
        0.01657193712890148,
        0.015512866899371147
      ],
      "S_K_cumulative_var": 0.27429357171058655,
      "S_R_cumulative_var": 0.28060340881347656,
      "membership_probe": {
        "auroc_mean": 0.5138199999999999,
        "auroc_std": 0.007712058739402883,
        "auroc_per_fold": [
          0.51635,
          0.51695,
          0.4991,
          0.514925,
          0.5217750000000001
        ]
      },
      "recall_probe": {
        "auroc_mean": 0.84324,
        "auroc_std": 0.017887269215841762,
        "auroc_per_fold": [
          0.8182999999999999,
          0.8348000000000001,
          0.871,
          0.8538,
          0.8383
        ]
      }
    },
    "16": {
      "layer": 16,
      "d_K_norm": 0.35830187797546387,
      "d_R_norm": 1.8487036228179932,
      "cosine_d_K_d_R": 0.15588797628879547,