{
  "layers_analyzed": [
    12,
    14,
    16,
    18,
    20
  ],
  "d_model": 4096,
  "n_layers": 32,
  "n_components": 10,
  "n_member": 1000,
  "n_nonmember": 1000,
  "per_layer": {
    "12": {
      "layer": 12,
      "d_K_norm": 0.7778953909873962,
      "d_R_norm": 5.1363749504089355,
      "cosine_d_K_d_R": 0.07506722211837769,
      "principal_angles_deg": [
        89.8559799194336,
        80.94599914550781,
        69.7373046875,
        60.913673400878906,
        54.71067428588867,
        48.90723419189453,
        45.93706130981445,
        40.409881591796875,
        34.68539047241211,
        33.80403518676758
      ],
      "mean_principal_angle_deg": 55.99071502685547,
      "min_principal_angle_deg": 33.80403518676758,
      "max_principal_angle_deg": 89.8559799194336,
      "S_K_variance_explained": [
        0.015942027792334557,
        0.013837296515703201,
        0.010831284336745739,
        0.008603259921073914,
        0.008054771460592747,
        0.0073380498215556145,
        0.006993716582655907,
        0.00660855695605278,
        0.0058912839740514755,
        0.00574749568477273
      ],
      "S_R_variance_explained": [
        0.04174862429499626,
        0.030291976407170296,
        0.021771300584077835,
        0.014061974361538887,
        0.012484177015721798,
        0.011150657199323177,
        0.010658293962478638,
        0.009408121928572655,
        0.008585128001868725,
        0.007989989593625069
      ],
      "S_K_cumulative_var": 0.08984775096178055,
      "S_R_cumulative_var": 0.16815024614334106,
      "membership_probe": {
        "auroc_mean": 0.48005000000000003,
        "auroc_std": 0.021147458476138487,
        "auroc_per_fold": [
          0.492325,
          0.46757499999999996,
          0.4800749999999999,
          0.449075,
          0.5112000000000001
        ]
      },
      "recall_probe": {
        "auroc_mean": 0.9247399999999999,
        "auroc_std": 0.015732336126589707,
        "auroc_per_fold": [
          0.9035,
          0.9197000000000001,
          0.915,
          0.9457,
          0.9398
        ]
      }
    },
    "14": {
      "layer": 14,
      "d_K_norm": 0.9852358102798462,
      "d_R_norm": 6.281585693359375,
      "cosine_d_K_d_R": 0.08214602619409561,
      "principal_angles_deg": [
        85.54869079589844,
        78.9659194946289,
        70.49874877929688,
        62.38627624511719,
        56.404850006103516,
        52.96341323852539,
        45.15636444091797,
        43.66878128051758,
        34.61355972290039,
        34.32833480834961
      ],
      "mean_principal_angle_deg": 56.45349884033203,
      "min_principal_angle_deg": 34.32833480834961,
      "max_principal_angle_deg": 85.54869079589844,
      "S_K_variance_explained": [
        0.01434403844177723,
        0.013108390383422375,
        0.010425107553601265,
        0.008357586339116096,
        0.007757154759019613,
        0.007277410943061113,
        0.006755854934453964,
        0.006532536819577217,
        0.005784043110907078,
        0.005579998716711998
      ],
      "S_R_variance_explained": [
        0.03980763629078865,
        0.0291123166680336,
        0.01928534545004368,
        0.015236174687743187,
        0.012565751560032368,
        0.011196224018931389,
        0.010411425493657589,
        0.009362797252833843,
        0.008265292271971703,
        0.007793054450303316
      ],
      "S_K_cumulative_var": 0.08592212200164795,
      "S_R_cumulative_var": 0.1630360186100006,
      "membership_probe": {
        "auroc_mean": 0.49003499999999994,
        "auroc_std": 0.017765026034318156,
        "auroc_per_fold": [
          0.49670000000000003,
          0.48027499999999995,
          0.5016750000000001,
          0.46059999999999995,
          0.5109250000000001
        ]
      },
      "recall_probe": {
        "auroc_mean": 0.9258,
        "auroc_std": 0.020985042292070807,
        "auroc_per_fold": [
          0.892,
          0.9248,
          0.9166,
          0.9461,
          0.9495
        ]
      }
    },
    "16": {
      "layer": 16,
      "d_K_norm": 1.229604959487915,
      "d_R_norm": 7.444845199584961,
      "cosine_d_K_d_R": 0.12628623843193054,
      "principal_angles_deg": [
        83.38227081298828,
        78.98307037353516,
        71.54852294921875,
        58.134552001953125,
        55.025230407714844,
        49.43560791015625,
        45.31652069091797,
        44.115657806396484,
        34.939781188964844,
        30.961416244506836
      ],
      "mean_principal_angle_deg": 55.18425750732422,
      "min_principal_angle_deg": 30.961416244506836,
      "max_principal_angle_deg": 83.38227081298828,
      "S_K_variance_explained": [
        0.012849563732743263,
        0.011772055178880692,
        0.009141807444393635,
        0.007786568719893694,
        0.0073128147050738335,
        0.007019988261163235,
        0.006678918842226267,
        0.006106443703174591,
        0.0056670489721000195,
        0.005401663016527891
      ],
      "S_R_variance_explained": [
        0.03329614922404289,
        0.02683105133473873,
        0.019191863015294075,
        0.014966508373618126,
        0.014049211516976357,
        0.011023317463696003,
        0.01011002529412508,
        0.009132475592195988,
        0.00846587773412466,
        0.007900326512753963
      ],
      "S_K_cumulative_var": 0.0797368660569191,
      "S_R_cumulative_var": 0.154966801404953,
      "membership_probe": {
        "auroc_mean": 0.504235,
        "auroc_std": 0.018752017224821428,
        "auroc_per_fold": [
          0.503625,
          0.48350000000000004,
          0.490425,
          0.5057,
          0.537925
        ]
      },
      "recall_probe": {
        "auroc_mean": 0.9246399999999999,
        "auroc_std": 0.025085900422348845,
        "auroc_per_fold": [
          0.8815999999999999,
          0.9228,
          0.9194,
          0.9516,
          0.9478000000000001
        ]
      }
    },
    "18": {
      "layer": 18,
      "d_K_norm": 1.492281436920166,
      "d_R_norm": 9.929231643676758,
      "cosine_d_K_d_R": 0.21770066022872925,
      "principal_angles_deg": [
        85.90747833251953,
        75.49111938476562,
        69.01683044433594,
        59.41563415527344,
        56.479156494140625,
        48.82316207885742,
        46.56585693359375,
        44.2646484375,
        35.39588928222656,
        32.08556365966797
      ],
      "mean_principal_angle_deg": 55.34453201293945,
      "min_principal_angle_deg": 32.08556365966797,
      "max_principal_angle_deg": 85.90747833251953,
      "S_K_variance_explained": [
        0.014754338189959526,
        0.010861181654036045,
        0.009357360191643238,
        0.007679448928683996,
        0.006970948539674282,
        0.006699507124722004,
        0.006594469305127859,
        0.006210319232195616,
        0.005654897540807724,
        0.005081787705421448
      ],
      "S_R_variance_explained": [
        0.03271635249257088,
        0.028098229318857193,
        0.02162761427462101,
        0.016091464087367058,
        0.013743966817855835,
        0.010990374721586704,
        0.010398547165095806,
        0.009668421000242233,
        0.008077149279415607,
        0.007776299025863409
      ],
      "S_K_cumulative_var": 0.0798642635345459,
      "S_R_cumulative_var": 0.1591884195804596,
      "membership_probe": {
        "auroc_mean": 0.49344,
        "auroc_std": 0.016110529165735066,
        "auroc_per_fold": [
          0.51415,
          0.478125,
          0.48965000000000003,
          0.47505,
          0.510225
        ]
      },
      "recall_probe": {
        "auroc_mean": 0.92712,
        "auroc_std": 0.02496801153476185,
        "auroc_per_fold": [
          0.8825999999999999,
          0.9318,
          0.9224,
          0.9563999999999999,
          0.9424000000000001
        ]
      }
    },
    "20": {
      "layer": 20,