{
  "layers_analyzed": [
    12,
    14,
    16,
    18,
    20
  ],
  "d_model": 4096,
  "n_layers": 32,
  "n_components": 10,
  "n_member": 1000,
  "n_nonmember": 1000,
  "per_layer": {
    "12": {
      "layer": 12,
      "d_K_norm": 1.2748007774353027,
      "d_R_norm": 2.447037935256958,
      "cosine_d_K_d_R": -0.008025872521102428,
      "principal_angles_deg": [
        82.82553100585938,
        81.38600158691406,
        74.17033386230469,
        66.79022979736328,
        59.296112060546875,
        54.27534484863281,
        52.65442657470703,
        49.623321533203125,
        36.523406982421875,
        34.349754333496094
      ],
      "mean_principal_angle_deg": 59.189453125,
      "min_principal_angle_deg": 34.349754333496094,
      "max_principal_angle_deg": 82.82553100585938,
      "S_K_variance_explained": [
        0.015101629309356213,
        0.011047854088246822,
        0.010646791197359562,
        0.00875065941363573,
        0.008271441794931889,
        0.007645112928003073,
        0.007340040057897568,
        0.006488018669188023,
        0.006255431566387415,
        0.0060177939012646675
      ],
      "S_R_variance_explained": [
        0.018653465434908867,
        0.01430558878928423,
        0.013649770990014076,
        0.012269866652786732,
        0.010473808273673058,
        0.008842354640364647,
        0.007673668675124645,
        0.007296605501323938,
        0.006838759407401085,
        0.006564476992934942
      ],
      "S_K_cumulative_var": 0.08756477385759354,
      "S_R_cumulative_var": 0.1065683662891388,
      "membership_probe": {
        "auroc_mean": 0.688805,
        "auroc_std": 0.026880984914991527,
        "auroc_per_fold": [
          0.7113500000000001,
          0.6802749999999999,
          0.67895,
          0.6484749999999999,
          0.7249749999999999
        ]
      },
      "recall_probe": {
        "auroc_mean": 0.72812,
        "auroc_std": 0.05223261050340101,
        "auroc_per_fold": [
          0.6749000000000002,
          0.7774,
          0.6946,
          0.6896,
          0.8041
        ]
      }
    },
    "14": {
      "layer": 14,
      "d_K_norm": 1.6995728015899658,
      "d_R_norm": 2.7871570587158203,
      "cosine_d_K_d_R": 0.06267611682415009,
      "principal_angles_deg": [
        87.35173797607422,
        71.8335952758789,
        71.1598129272461,
        62.863399505615234,
        60.784637451171875,
        53.275943756103516,
        51.571720123291016,
        46.294029235839844,
        34.940704345703125,
        34.4130859375
      ],
      "mean_principal_angle_deg": 57.4488639831543,
      "min_principal_angle_deg": 34.4130859375,
      "max_principal_angle_deg": 87.35173797607422,
      "S_K_variance_explained": [
        0.013802951201796532,
        0.01039468590170145,
        0.009614230133593082,
        0.00864016730338335,
        0.007516155019402504,
        0.006970037706196308,
        0.006748887710273266,
        0.006249011028558016,
        0.005661177448928356,
        0.005379626527428627
      ],
      "S_R_variance_explained": [
        0.017557647079229355,
        0.013441689312458038,
        0.01320665143430233,
        0.012026611715555191,
        0.009351316839456558,
        0.00814378447830677,
        0.007316775619983673,
        0.006727198138833046,
        0.006689026020467281,
        0.006315541919320822
      ],
      "S_K_cumulative_var": 0.0809769257903099,
      "S_R_cumulative_var": 0.10077624768018723,
      "membership_probe": {
        "auroc_mean": 0.7550950000000001,
        "auroc_std": 0.03023283562618627,
        "auroc_per_fold": [
          0.78635,
          0.7646249999999999,
          0.7167250000000001,
          0.7220500000000001,
          0.785725
        ]
      },
      "recall_probe": {
        "auroc_mean": 0.69416,
        "auroc_std": 0.052484306225766206,
        "auroc_per_fold": [
          0.6465,
          0.7439000000000001,
          0.6464000000000001,
          0.6636,
          0.7704
        ]
      }
    },
    "16": {
      "layer": 16,
      "d_K_norm": 2.226985216140747,
      "d_R_norm": 3.0374627113342285,
      "cosine_d_K_d_R": 0.10714869946241379,
      "principal_angles_deg": [
        86.7940444946289,
        73.65066528320312,
        70.73180389404297,
        66.28443908691406,
        61.23126220703125,
        54.952171325683594,
        50.167903900146484,
        41.078155517578125,
        36.16596221923828,
        30.674131393432617
      ],
      "mean_principal_angle_deg": 57.17305374145508,
      "min_principal_angle_deg": 30.674131393432617,
      "max_principal_angle_deg": 86.7940444946289,
      "S_K_variance_explained": [
        0.011998080648481846,
        0.009109938517212868,
        0.0082246707752347,
        0.007434467785060406,
        0.006718480493873358,
        0.006391505245119333,
        0.0062568048015236855,
        0.005727069452404976,
        0.0053406935185194016,
        0.005135916639119387
      ],
      "S_R_variance_explained": [
        0.016021177172660828,
        0.012600715272128582,
        0.012109152972698212,
        0.010994400829076767,
        0.008933463133871555,
        0.007824774831533432,
        0.007034396752715111,
        0.006356553640216589,
        0.0062746466137468815,
        0.006012684665620327
      ],
      "S_K_cumulative_var": 0.07233762741088867,
      "S_R_cumulative_var": 0.0941619724035263,
      "membership_probe": {
        "auroc_mean": 0.82805,
        "auroc_std": 0.015563137537142053,
        "auroc_per_fold": [
          0.833775,
          0.8442,
          0.800125,
          0.82335,
          0.8388
        ]
      },
      "recall_probe": {
        "auroc_mean": 0.6962400000000001,
        "auroc_std": 0.041274379462325046,
        "auroc_per_fold": [
          0.6558,
          0.7454000000000001,
          0.6564,
          0.6772,
          0.7464
        ]
      }
    },
    "18": {
      "layer": 18,
      "d_K_norm": 2.8302650451660156,
      "d_R_norm": 3.3527493476867676,
      "cosine_d_K_d_R": 0.11679064482450485,
      "principal_angles_deg": [
        89.40258026123047,
        83.00579833984375,
        68.56460571289062,
        62.831092834472656,
        61.152496337890625,
        54.102294921875,
        51.81056594848633,
        41.61215591430664,
        37.07029342651367,
        33.105987548828125
      ],
      "mean_principal_angle_deg": 58.265785217285156,
      "min_principal_angle_deg": 33.105987548828125,
      "max_principal_angle_deg": 89.40258026123047,
      "S_K_variance_explained": [
        0.011055798269808292,
        0.008842095732688904,
        0.007930628024041653,
        0.007259915582835674,
        0.006414429284632206,
        0.006231137551367283,
        0.0060708168894052505,
        0.005354464985430241,
        0.0050104279071092606,
        0.004743371158838272
      ],
      "S_R_variance_explained": [
        0.0159994475543499,
        0.01210551057010889,
        0.010970269329845905,
        0.010354854166507721,
        0.008919558487832546,
        0.0072905635461211205,
        0.006752387620508671,
        0.006488785147666931,
        0.006145701743662357,
        0.005922692362219095
      ],
      "S_K_cumulative_var": 0.06891308724880219,
      "S_R_cumulative_var": 0.09094976633787155,
      "membership_probe": {
        "auroc_mean": 0.85806,
        "auroc_std": 0.02151001278474749,
        "auroc_per_fold": [
          0.863525,
          0.880475,
          0.8203999999999999,
          0.8503999999999999,
          0.8754999999999998
        ]
      },
      "recall_probe": {
        "auroc_mean": 0.6963799999999999,
        "auroc_std": 0.034019429742428074,
        "auroc_per_fold": [
          0.6665,
          0.7287,
          0.6553,
          0.6890999999999999,
          0.7423
        ]
      }
    },
    "20": {
      "layer": 20,
      "d_K_norm": 3.3509857654571533,