{
  "layers_analyzed": [
    0,
    1,
    2,
    3,
    4,
    5
  ],
  "d_model": 512,
  "n_layers": 6,
  "n_components": 10,
  "n_member": 1000,
  "n_nonmember": 1000,
  "per_layer": {
    "0": {
      "layer": 0,
      "d_K_norm": 0.003090065671131015,
      "d_R_norm": 0.016973868012428284,
      "cosine_d_K_d_R": -0.045958198606967926,
      "principal_angles_deg": [
        87.53478240966797,
        79.02378845214844,
        75.03131103515625,
        60.5385856628418,
        53.73638153076172,
        52.4100227355957,
        39.393184661865234,
        37.177608489990234,
        28.746570587158203,
        24.661314010620117
      ],
      "mean_principal_angle_deg": 53.825355529785156,
      "min_principal_angle_deg": 24.661314010620117,
      "max_principal_angle_deg": 87.53478240966797,
      "S_K_variance_explained": [
        0.024890469387173653,
        0.019882887601852417,
        0.016082720831036568,
        0.013716427609324455,
        0.011478782631456852,
        0.01078464649617672,
        0.009793628938496113,
        0.00925450399518013,
        0.008812486194074154,
        0.008338279090821743
      ],
      "S_R_variance_explained": [
        0.03509226068854332,
        0.027863705530762672,
        0.02194066159427166,
        0.01952151581645012,
        0.01867220737040043,
        0.014964432455599308,
        0.013182447291910648,
        0.011163807474076748,
        0.0107945641502738,
        0.009870712645351887
      ],
      "S_K_cumulative_var": 0.1330348253250122,
      "S_R_cumulative_var": 0.18306630849838257,
      "membership_probe": {
        "auroc_mean": 0.489055,
        "auroc_std": 0.011202671556374413,
        "auroc_per_fold": [
          0.49212500000000003,
          0.48324999999999996,
          0.4864,
          0.474975,
          0.508525
        ]
      },
      "recall_probe": {
        "auroc_mean": 0.7778400000000001,
        "auroc_std": 0.019126797954702134,
        "auroc_per_fold": [
          0.7920999999999999,
          0.7482000000000002,
          0.7755,
          0.8038000000000001,
          0.7696000000000001
        ]
      }
    },
    "1": {
      "layer": 1,
      "d_K_norm": 0.04046114906668663,
      "d_R_norm": 0.3264097273349762,
      "cosine_d_K_d_R": -0.04450328275561333,
      "principal_angles_deg": [
        85.48381805419922,
        84.64042663574219,
        75.15921020507812,
        63.638336181640625,
        59.32101058959961,
        50.596134185791016,
        47.79800796508789,
        33.85630798339844,
        30.859973907470703,
        24.796537399291992
      ],
      "mean_principal_angle_deg": 55.61497116088867,
      "min_principal_angle_deg": 24.796537399291992,
      "max_principal_angle_deg": 85.48381805419922,
      "S_K_variance_explained": [
        0.05385256186127663,
        0.035929396748542786,
        0.025988375768065453,
        0.021562185138463974,
        0.020858116447925568,
        0.01490824855864048,
        0.012931006960570812,
        0.01183798722922802,
        0.011102327145636082,
        0.01082294899970293
      ],
      "S_R_variance_explained": [
        0.07887987047433853,
        0.05780148506164551,
        0.040436264127492905,
        0.024737205356359482,
        0.020060507580637932,
        0.018594417721033096,
        0.015750296413898468,
        0.014556902460753918,
        0.012402604334056377,
        0.010640573687851429
      ],
      "S_K_cumulative_var": 0.2197931557893753,
      "S_R_cumulative_var": 0.2938601076602936,
      "membership_probe": {
        "auroc_mean": 0.5072899999999999,
        "auroc_std": 0.01127891395480965,
        "auroc_per_fold": [
          0.49887499999999996,
          0.523875,
          0.494575,
          0.5018750000000001,
          0.51725
        ]
      },
      "recall_probe": {
        "auroc_mean": 0.8489799999999998,
        "auroc_std": 0.013830169919418921,
        "auroc_per_fold": [
          0.8622,
          0.8378,
          0.8301999999999999,
          0.8483,
          0.8664
        ]
      }
    },
    "2": {
      "layer": 2,
      "d_K_norm": 0.0585470087826252,
      "d_R_norm": 0.5181782841682434,
      "cosine_d_K_d_R": -0.0695120170712471,
      "principal_angles_deg": [
        88.33094024658203,
        82.9869155883789,
        81.9969482421875,
        64.61564636230469,
        61.04128646850586,
        54.95330810546875,
        50.3880500793457,
        42.249732971191406,
        35.038063049316406,
        30.805335998535156
      ],
      "mean_principal_angle_deg": 59.240631103515625,
      "min_principal_angle_deg": 30.805335998535156,
      "max_principal_angle_deg": 88.33094024658203,
      "S_K_variance_explained": [
        0.04575250670313835,
        0.03659583255648613,
        0.02279135026037693,
        0.020431537181138992,
        0.020244911313056946,
        0.014360000379383564,
        0.0136057548224926,
        0.012383004650473595,
        0.011349794454872608,
        0.009736058302223682
      ],
      "S_R_variance_explained": [
        0.0963999480009079,
        0.061280567198991776,
        0.04931153729557991,
        0.027337444946169853,
        0.02232358045876026,
        0.01636846363544464,
        0.014529361389577389,
        0.013727521523833275,
        0.011847334913909435,
        0.010992979630827904
      ],
      "S_K_cumulative_var": 0.20725074410438538,
      "S_R_cumulative_var": 0.3241187334060669,
      "membership_probe": {
        "auroc_mean": 0.492605,
        "auroc_std": 0.014373312074814215,
        "auroc_per_fold": [
          0.4864,
          0.513425,
          0.47840000000000005,
          0.5058,
          0.479
        ]
      },
      "recall_probe": {
        "auroc_mean": 0.8842800000000001,
        "auroc_std": 0.009440847419591095,
        "auroc_per_fold": [
          0.8921,
          0.8659,
          0.8853000000000001,
          0.8887999999999999,
          0.8893
        ]
      }
    },
    "3": {
      "layer": 3,
      "d_K_norm": 0.10625330358743668,
      "d_R_norm": 0.8334235548973083,
      "cosine_d_K_d_R": 0.020845554769039154,
      "principal_angles_deg": [
        88.73390197753906,
        80.19235229492188,
        72.05162048339844,
        66.9323959350586,
        63.13827133178711,
        55.25419235229492,
        53.10249710083008,
        41.84033203125,
        34.860137939453125,
        29.48273468017578
      ],
      "mean_principal_angle_deg": 58.55884552001953,
      "min_principal_angle_deg": 29.48273468017578,
      "max_principal_angle_deg": 88.73390197753906,
      "S_K_variance_explained": [
        0.047420673072338104,
        0.03661483898758888,
        0.02891930565237999,
        0.026563292369246483,
        0.02480487897992134,
        0.0187220498919487,
        0.018047571182250977,
        0.014230149798095226,
        0.012696634978055954,
        0.012055737897753716
      ],
      "S_R_variance_explained": [
        0.10173407196998596,
        0.05251247063279152,
        0.04662058874964714,
        0.03182854503393173,
        0.02804250828921795,
        0.023971743881702423,
        0.017149129882454872,
        0.015868209302425385,
        0.014846649020910263,
        0.014319445006549358
      ],
      "S_K_cumulative_var": 0.24007514119148254,
      "S_R_cumulative_var": 0.3468933701515198,
      "membership_probe": {
        "auroc_mean": 0.48243,
        "auroc_std": 0.017846725189793196,
        "auroc_per_fold": [
          0.470125,
          0.4889,
          0.45417500000000005,
          0.502625,
          0.49632499999999996
        ]
      },
      "recall_probe": {
        "auroc_mean": 0.8943999999999999,
        "auroc_std": 0.012440096462648549,
        "auroc_per_fold": [
          0.8815999999999999,
          0.8827999999999999,
          0.8964,
          0.9161,
          0.8951
        ]
      }
    },
    "4": {
      "layer": 4,