{
  "experiment": "Cohort per-row paired bootstrap CIs and sign test",
  "dispatch_brief": null,
  "n_boot": 10000,
  "bootstrap_seed": 0,
  "cohort_rows": [
    {
      "label": "P1B mult4 layer14 seed42",
      "results_json": "runs/memcirc/sae_dark_subspace/p1b_mixed_sae_layer14_seed42/results.json",
      "in_inverting_cohort": true,
      "n_member": 1000,
      "n_nonmember": 1000,
      "margin_observed": 0.007851000000000052,
      "margin_mean": 0.00785227509805524,
      "margin_std": 0.0018739574367932967,
      "margin_ci_low": 0.00415166439423873,
      "margin_ci_high": 0.01150342079127538,
      "n_boot": 10000,
      "n_valid": 10000,
      "auroc_orig_full": 0.662941,
      "auroc_resid_full": 0.670792,
      "sign_orig": 1,
      "sign_resid": 1,
      "ci_excludes_zero": true
    },
    {
      "label": "P2.8B mult4 layer20 seed42",
      "results_json": "runs/memcirc/sae_dark_subspace/p2_8b_mixed_sae_seed42/results.json",
      "in_inverting_cohort": true,
      "n_member": 1000,
      "n_nonmember": 1000,
      "margin_observed": 0.00378299999999987,
      "margin_mean": 0.003806924857069147,
      "margin_std": 0.0028970309598300424,
      "margin_ci_low": -0.0018082390482239558,
      "margin_ci_high": 0.009495595265767603,
      "n_boot": 10000,
      "n_valid": 10000,
      "auroc_orig_full": 0.7989,
      "auroc_resid_full": 0.8026829999999999,
      "sign_orig": 1,
      "sign_resid": 1,
      "ci_excludes_zero": false
    },
    {
      "label": "Qwen2 mult4 seed42",
      "results_json": "runs/memcirc/sae_dark_subspace/qwen2_mixed_seed42/results.json",
      "in_inverting_cohort": true,
      "n_member": 1000,
      "n_nonmember": 1000,
      "margin_observed": 0.03423399999999999,
      "margin_mean": 0.03404771252261931,
      "margin_std": 0.011069935234076065,
      "margin_ci_low": 0.012332062184336587,
      "margin_ci_high": 0.05583457954171891,
      "n_boot": 10000,
      "n_valid": 10000,
      "auroc_orig_full": 0.6383270000000001,
      "auroc_resid_full": 0.6725610000000001,
      "sign_orig": 1,
      "sign_resid": 1,
      "ci_excludes_zero": true
    },
    {
      "label": "Qwen2 mult8 seed42",
      "results_json": "runs/memcirc/sae_dark_subspace/qwen2_mixed_mult8_seed42/results.json",
      "in_inverting_cohort": true,
      "n_member": 1000,
      "n_nonmember": 1000,
      "margin_observed": 0.0356120000000002,
      "margin_mean": 0.03546032823227297,
      "margin_std": 0.00959297895033022,
      "margin_ci_low": 0.016641854954805566,
      "margin_ci_high": 0.054163054978867683,
      "n_boot": 10000,
      "n_valid": 10000,
      "auroc_orig_full": 0.6381459999999999,
      "auroc_resid_full": 0.6737580000000001,
      "sign_orig": 1,
      "sign_resid": 1,
      "ci_excludes_zero": true
    },
    {
      "label": "Neo mult8 seed42",
      "results_json": "runs/memcirc/sae_dark_subspace/neo_mixed_mult8_seed42/results.json",
      "in_inverting_cohort": true,
      "n_member": 1000,
      "n_nonmember": 1000,
      "margin_observed": 0.03600300000000001,
      "margin_mean": 0.03597804779479502,
      "margin_std": 0.008045528574642333,
      "margin_ci_low": 0.020107843335271786,
      "margin_ci_high": 0.05213155819807098,
      "n_boot": 10000,
      "n_valid": 10000,
      "auroc_orig_full": 0.615737,
      "auroc_resid_full": 0.65174,
      "sign_orig": 1,
      "sign_resid": 1,
      "ci_excludes_zero": true
    },
    {
      "label": "P69 N=6 anchor seed42_postfix",
      "results_json": "runs/memcirc/sae_dark_subspace/p69_mixed_sae_seed42_postfix/results.json",
      "in_inverting_cohort": false,
      "n_member": 1000,
      "n_nonmember": 1000,
      "margin_observed": -0.01976800000000012,
      "margin_mean": -0.019704053199865044,
      "margin_std": 0.006990682587660788,
      "margin_ci_low": -0.03332690588172359,
      "margin_ci_high": -0.0059297180281937395,
      "n_boot": 10000,
      "n_valid": 10000,
      "auroc_orig_full": 0.803197,
      "auroc_resid_full": 0.7834289999999999,
      "sign_orig": 1,
      "sign_resid": 1,
      "ci_excludes_zero": true
    },
    {
      "label": "P12B seed 47",
      "results_json": "runs/memcirc/sae_dark_subspace/p12b_mixed_sae_seed47/results.json",
      "in_inverting_cohort": false,
      "n_member": 1000,
      "n_nonmember": 1000,
      "margin_observed": -0.03881199999999996,
      "margin_mean": -0.0387146229255137,
      "margin_std": 0.008279361022050662,
      "margin_ci_low": -0.054750577193658174,
      "margin_ci_high": -0.02232337722990883,
      "n_boot": 10000,
      "n_valid": 10000,
      "auroc_orig_full": 0.764461,
      "auroc_resid_full": 0.725649,
      "sign_orig": 1,
      "sign_resid": 1,
      "ci_excludes_zero": true
    }
  ],
  "qwen2_mult4_secondary_seeds": [
    {
      "label": "Qwen2 mult4 seed43 (secondary)",
      "results_json": "runs/memcirc/sae_dark_subspace/qwen2_mixed_seed43/results.json",
      "margin_observed": 0.019331499999999946,
      "margin_mean": 0.019228900853809523,
      "margin_std": 0.005469451157667712,
      "margin_ci_low": 0.00877991596274424,
      "margin_ci_high": 0.030027099784104946,
      "n_boot": 10000,
      "n_valid": 10000,
      "auroc_orig_full": 0.6383270000000001,
      "auroc_resid_full": 0.6576585,
      "sign_orig": 1,
      "sign_resid": 1,
      "ci_excludes_zero": true
    },
    {
      "label": "Qwen2 mult4 seed44 (secondary)",
      "results_json": "runs/memcirc/sae_dark_subspace/qwen2_mixed_seed44/results.json",
      "margin_observed": 0.02066799999999991,
      "margin_mean": 0.020531208195825986,
      "margin_std": 0.006013136543568285,
      "margin_ci_low": 0.00869997526575311,
      "margin_ci_high": 0.03226052307294763,
      "n_boot": 10000,
      "n_valid": 10000,
      "auroc_orig_full": 0.6383270000000001,
      "auroc_resid_full": 0.658995,
      "sign_orig": 1,
      "sign_resid": 1,
      "ci_excludes_zero": true
    }
  ],
  "sign_test": {
    "n_inverting_cohort_rows": 5,
    "n_positive_margin": 5,
    "n_ci_excludes_zero": 4,
    "p_one_sided_binomial_05": 0.03125,
    "pre_reg_decision": "ACCEPT",
    "decision_rule": "ACCEPT  if >=3 of 5 inverting rows have 95% CI excluding zero AND sign test p < 0.05; NUANCED if  =2 of 5 with CI excluding zero AND sign test p < 0.05; NULL    otherwise."
  },
  "elapsed_sec": 277.33424282073975,
  "timestamp_utc": "2026-05-02 09:31:10 UTC",
  "script": "scripts/dark_subspace/per_row_bootstrap_kocl2.py"
}