{
  "experiment": "Held-out d_K direction estimation",
  "split_design": {
    "train_frac": 0.7,
    "n_splits": 10,
    "n_bootstrap": 10000,
    "split_seeds": [
      0,
      1,
      2,
      3,
      4,
      5,
      6,
      7,
      8,
      9
    ],
    "n_total_canonical": 2000,
    "n_train_per_split": 1400,
    "n_test_per_split": 600
  },
  "anchors": [
    {
      "anchor": "P69 N=6 anchor (Pythia-6.9B layer 16, seed 43)",
      "model": "p69",
      "layer": 16,
      "used_seed": 43,
      "member_acts_path": "runs/dark_subspace/activations_canonical/p69_epoch5_layer16_member.npy (not bundled in this artefact; canonical run-time output of the matching script in scripts/dark_subspace/)",
      "nonmember_acts_path": "runs/dark_subspace/activations_canonical/p69_epoch5_layer16_nonmember.npy (not bundled in this artefact; canonical run-time output of the matching script in scripts/dark_subspace/)",
      "sae_path": "runs/sae/train_sae__runs_controlled_ft_run_20260306_055225_ft_epoch5_model__layer16__mult4__l10.0005__20260413_184801/sae_final.pt",
      "anchor_recon_cos": 0.9790783524513245,
      "n_splits": 10,
      "train_frac": 0.7,
      "n_bootstrap": 10000,
      "n_mem_total": 1000,
      "n_non_total": 1000,
      "in_partition_drop_mean": 0.21283931698163297,
      "in_partition_drop_ci_low": 0.1891713470952925,
      "in_partition_drop_ci_high": 0.23624297213157433,
      "in_partition_drop_std": 0.012036380139937708,
      "in_partition_auroc_orig": 0.8029398513451387,
      "in_partition_auroc_recon": 0.5901005343635056,
      "in_partition_auroc_residual": 0.7850206229660383,
      "heldout_drop_mean": 0.1490347808261804,
      "heldout_drop_ci_low": 0.07228305816452292,
      "heldout_drop_ci_high": 0.19264375483221574,
      "heldout_drop_std": 0.035621899005623896,
      "heldout_auroc_original_mean": 0.6839253327540442,
      "heldout_auroc_original_std": 0.030850290913330507,
      "heldout_auroc_recon_mean": 0.5348905519278639,
      "heldout_auroc_recon_std": 0.044853722640251774,
      "heldout_auroc_residual_mean": 0.6971459117685619,
      "heldout_auroc_residual_std": 0.025316367312565966,
      "heldout_recon_cos_mean": 0.9790622889995575,
      "heldout_recon_cos_std": 7.257782889859196e-05,
      "drop_difference": -0.06380453615545256,
      "in_part_minus_2sigma_threshold": 0.18876655670175754,
      "partition_fit_check_passed": false,
      "per_split": [
        {
          "split_seed": 0,
          "n_mem_train": 700,
          "n_non_train": 700,
          "n_mem_test": 300,
          "n_non_test": 300,
          "sign_fixed": 1,
          "recon_cos": 0.9790800213813782,
          "auroc_original_b": 0.6739804044590308,
          "auroc_recon_b": 0.528894559618049,
          "auroc_residual_b": 0.7057514403278903,
          "auroc_residual_b_ci_low": 0.6639427205893287,
          "auroc_residual_b_ci_high": 0.7454344536262215,
          "heldout_drop": 0.14508584484098191,
          "heldout_drop_ci_low": 0.10608840945512821,
          "heldout_drop_ci_high": 0.18434474893661734,
          "heldout_drop_std": 0.01999164040261675
        },
        {
          "split_seed": 1,
          "n_mem_train": 700,
          "n_non_train": 700,
          "n_mem_test": 300,
          "n_non_test": 300,
          "sign_fixed": 1,
          "recon_cos": 0.9791263937950134,
          "auroc_original_b": 0.6695146710035992,
          "auroc_recon_b": 0.49818439300324646,
          "auroc_residual_b": 0.6736946670419476,
          "auroc_residual_b_ci_low": 0.6296637750188216,
          "auroc_residual_b_ci_high": 0.715580649060448,
          "heldout_drop": 0.17133027800035266,
          "heldout_drop_ci_low": 0.12305536553351622,
          "heldout_drop_ci_high": 0.22022147484927712,
          "heldout_drop_std": 0.024707727571925957
        },
        {
          "split_seed": 2,
          "n_mem_train": 700,
          "n_non_train": 700,
          "n_mem_test": 300,
          "n_non_test": 300,
          "sign_fixed": 1,
          "recon_cos": 0.9790056347846985,
          "auroc_original_b": 0.6906798249847265,
          "auroc_recon_b": 0.5244850467242808,
          "auroc_residual_b": 0.7015259984798313,
          "auroc_residual_b_ci_low": 0.6593557626918651,
          "auroc_residual_b_ci_high": 0.741798511939498,
          "heldout_drop": 0.16619477826044562,
          "heldout_drop_ci_low": 0.12251967656596142,
          "heldout_drop_ci_high": 0.20969801000920166,
          "heldout_drop_std": 0.022193318510931603
        },
        {
          "split_seed": 3,
          "n_mem_train": 700,
          "n_non_train": 700,
          "n_mem_test": 300,
          "n_non_test": 300,
          "sign_fixed": 1,
          "recon_cos": 0.9791244268417358,
          "auroc_original_b": 0.7014677491700869,
          "auroc_recon_b": 0.5026362107415239,
          "auroc_residual_b": 0.7276766588595552,
          "auroc_residual_b_ci_low": 0.688131702125983,
          "auroc_residual_b_ci_high": 0.7667530473307761,
          "heldout_drop": 0.19883153842856308,
          "heldout_drop_ci_low": 0.1547722314508361,
          "heldout_drop_ci_high": 0.24303171866550966,
          "heldout_drop_std": 0.022547701256331307
        },
        {
          "split_seed": 4,
          "n_mem_train": 700,
          "n_non_train": 700,
          "n_mem_test": 300,
          "n_non_test": 300,
          "sign_fixed": 1,
          "recon_cos": 0.9790796637535095,
          "auroc_original_b": 0.7020689555937263,
          "auroc_recon_b": 0.5672054617351752,
          "auroc_residual_b": 0.6899450013822815,
          "auroc_residual_b_ci_low": 0.6467534803605673,
          "auroc_residual_b_ci_high": 0.7308557853701829,
          "heldout_drop": 0.1348634938585512,
          "heldout_drop_ci_low": 0.08778111267285882,
          "heldout_drop_ci_high": 0.1814968333740875,
          "heldout_drop_std": 0.02374330986067426
        },
        {
          "split_seed": 5,
          "n_mem_train": 700,
          "n_non_train": 700,
          "n_mem_test": 300,
          "n_non_test": 300,
          "sign_fixed": 1,
          "recon_cos": 0.9789884686470032,
          "auroc_original_b": 0.7419689011516568,
          "auroc_recon_b": 0.5835886252466606,
          "auroc_residual_b": 0.7381841282114182,
          "auroc_residual_b_ci_low": 0.6979387731541016,
          "auroc_residual_b_ci_high": 0.777138207038949,
          "heldout_drop": 0.15838027590499626,
          "heldout_drop_ci_low": 0.11666434524870745,
          "heldout_drop_ci_high": 0.20139992429366826,
          "heldout_drop_std": 0.02137977697426358
        },
        {
          "split_seed": 6,
          "n_mem_train": 700,
          "n_non_train": 700,
          "n_mem_test": 300,
          "n_non_test": 300,
          "sign_fixed": 1,
          "recon_cos": 0.9790616631507874,
          "auroc_original_b": 0.6592345241566171,
          "auroc_recon_b": 0.5039640389346898,
          "auroc_residual_b": 0.6722367757100081,
          "auroc_residual_b_ci_low": 0.6290277718606396,
          "auroc_residual_b_ci_high": 0.7135292506742267,
          "heldout_drop": 0.15527048522192732,
          "heldout_drop_ci_low": 0.11298005935110499,
          "heldout_drop_ci_high": 0.19779881368574675,
          "heldout_drop_std": 0.021533910693561184
        },
        {
          "split_seed": 7,
          "n_mem_train": 700,
          "n_non_train": 700,
          "n_mem_test": 300,
          "n_non_test": 300,
          "sign_fixed": 1,
          "recon_cos": 0.9791180491447449,
          "auroc_original_b": 0.6182200217675581,
          "auroc_recon_b": 0.4690663714478709,
          "auroc_residual_b": 0.6735700188864775,
          "auroc_residual_b_ci_low": 0.6306922292434385,
          "auroc_residual_b_ci_high": 0.7156436322168256,
          "heldout_drop": 0.14915365031968728,
          "heldout_drop_ci_low": 0.11104401160012892,