{
  "layers_analyzed": [
    0,
    4,
    8,
    12,
    16,
    20,
    24,
    28,
    31
  ],
  "d_model": 4096,
  "n_layers": 32,
  "n_components": 10,
  "n_member": 1000,
  "n_nonmember": 1000,
  "per_layer": {
    "0": {
      "layer": 0,
      "d_K_norm": 0.004393626935780048,
      "d_R_norm": 0.010708010755479336,
      "cosine_d_K_d_R": -0.08257485181093216,
      "principal_angles_deg": [
        43.395111083984375,
        30.44133949279785,
        27.477243423461914,
        22.82168960571289,
        19.222768783569336,
        18.25531768798828,
        15.092707633972168,
        12.848481178283691,
        11.393728256225586,
        8.651451110839844
      ],
      "mean_principal_angle_deg": 20.95998191833496,
      "min_principal_angle_deg": 8.651451110839844,
      "max_principal_angle_deg": 43.395111083984375,
      "S_K_variance_explained": [
        0.07061821967363358,
        0.04982929676771164,
        0.03060341253876686,
        0.024512508884072304,
        0.01824723184108734,
        0.017534499987959862,
        0.013642769306898117,
        0.011666025966405869,
        0.010856050066649914,
        0.010504952631890774
      ],
      "S_R_variance_explained": [
        0.07046020776033401,
        0.0479259267449379,
        0.03328019380569458,
        0.0236201211810112,
        0.018737507984042168,
        0.017537796869874,
        0.01450527086853981,
        0.012471464462578297,
        0.01193357352167368,
        0.011324181221425533
      ],
      "S_K_cumulative_var": 0.258014976978302,
      "S_R_cumulative_var": 0.2617962062358856,
      "membership_probe": {
        "auroc_mean": 0.48945999999999995,
        "auroc_std": 0.017381661313004577,
        "auroc_per_fold": [
          0.5,
          0.46347499999999997,
          0.5,
          0.474575,
          0.50925
        ]
      },
      "recall_probe": {
        "auroc_mean": 0.62226,
        "auroc_std": 0.03953477456619679,
        "auroc_per_fold": [
          0.6658999999999999,
          0.6478000000000002,
          0.5596,
          0.5933999999999999,
          0.6446
        ]
      }
    },
    "4": {
      "layer": 4,
      "d_K_norm": 0.35717207193374634,
      "d_R_norm": 1.0732452869415283,
      "cosine_d_K_d_R": -0.013169288635253906,
      "principal_angles_deg": [
        31.749853134155273,
        20.901865005493164,
        17.461488723754883,
        14.418878555297852,
        13.641315460205078,
        12.925028800964355,
        10.74010181427002,
        10.557897567749023,
        9.296568870544434,
        6.994288444519043
      ],
      "mean_principal_angle_deg": 14.868730545043945,
      "min_principal_angle_deg": 6.994288444519043,
      "max_principal_angle_deg": 31.749853134155273,
      "S_K_variance_explained": [
        0.08510256558656693,
        0.06038724631071091,
        0.044778384268283844,
        0.03344365209341049,
        0.03298927843570709,
        0.027330538257956505,
        0.025405116379261017,
        0.022850630804896355,
        0.02014358527958393,
        0.01644287444651127
      ],
      "S_R_variance_explained": [
        0.08849892020225525,
        0.058574024587869644,
        0.047299981117248535,
        0.03741434961557388,
        0.03235406428575516,
        0.030621446669101715,
        0.025887319818139076,
        0.022169729694724083,
        0.020569872111082077,
        0.01616702601313591
      ],
      "S_K_cumulative_var": 0.3688738942146301,
      "S_R_cumulative_var": 0.37955668568611145,
      "membership_probe": {
        "auroc_mean": 0.49175500000000005,
        "auroc_std": 0.016681047628971036,
        "auroc_per_fold": [
          0.491775,
          0.511525,
          0.5082,
          0.46757499999999996,
          0.4797
        ]
      },
      "recall_probe": {
        "auroc_mean": 0.7498400000000001,
        "auroc_std": 0.035684764255911786,
        "auroc_per_fold": [
          0.6937000000000001,
          0.7816000000000001,
          0.7247,
          0.7614,
          0.7878000000000001
        ]
      }
    },
    "8": {
      "layer": 8,
      "d_K_norm": 0.7312414646148682,
      "d_R_norm": 1.9208356142044067,
      "cosine_d_K_d_R": 0.02616047114133835,
      "principal_angles_deg": [
        33.05134201049805,
        24.257062911987305,
        22.564661026000977,
        18.874279022216797,
        17.43819236755371,
        14.623723030090332,
        13.124034881591797,
        11.624879837036133,
        8.908485412597656,
        7.715112209320068
      ],
      "mean_principal_angle_deg": 17.218175888061523,
      "min_principal_angle_deg": 7.715112209320068,
      "max_principal_angle_deg": 33.05134201049805,
      "S_K_variance_explained": [
        0.07396914809942245,
        0.061801645904779434,
        0.03839344158768654,
        0.030687397345900536,
        0.02651721052825451,
        0.025113677605986595,
        0.02212316170334816,
        0.019819941371679306,
        0.01772156171500683,
        0.015871791169047356
      ],
      "S_R_variance_explained": [
        0.08035165071487427,
        0.06343415379524231,
        0.03730906918644905,
        0.029663970693945885,
        0.02614196017384529,
        0.024549441412091255,
        0.022316522896289825,
        0.02000197395682335,
        0.019185250625014305,
        0.016931237652897835
      ],
      "S_K_cumulative_var": 0.33201897144317627,
      "S_R_cumulative_var": 0.33988523483276367,
      "membership_probe": {
        "auroc_mean": 0.5249750000000001,
        "auroc_std": 0.016784382621949482,
        "auroc_per_fold": [
          0.531475,
          0.5121,
          0.55465,
          0.5084,
          0.5182500000000001
        ]
      },
      "recall_probe": {
        "auroc_mean": 0.7505599999999999,
        "auroc_std": 0.032566399862434904,
        "auroc_per_fold": [
          0.704,
          0.7669,
          0.7260000000000001,
          0.7584000000000001,
          0.7975
        ]
      }
    },
    "12": {
      "layer": 12,
      "d_K_norm": 1.2748007774353027,
      "d_R_norm": 2.447037935256958,
      "cosine_d_K_d_R": -0.008025872521102428,
      "principal_angles_deg": [
        57.73601531982422,
        24.38173484802246,
        20.860645294189453,
        19.746227264404297,
        19.033702850341797,
        15.58852481842041,
        14.670437812805176,
        12.212149620056152,
        10.940620422363281,
        8.883319854736328
      ],
      "mean_principal_angle_deg": 20.405336380004883,
      "min_principal_angle_deg": 8.883319854736328,
      "max_principal_angle_deg": 57.73601531982422,
      "S_K_variance_explained": [
        0.06021431088447571,
        0.04300156608223915,
        0.038250334560871124,
        0.02850685454905033,
        0.025814473628997803,
        0.02228662744164467,
        0.02076670527458191,
        0.019399894401431084,
        0.017267495393753052,
        0.015552361495792866
      ],
      "S_R_variance_explained": [
        0.0636172890663147,
        0.041250117123126984,
        0.03787524998188019,
        0.02795778028666973,
        0.024995682761073112,
        0.023050706833600998,
        0.021666590124368668,
        0.01979522407054901,
        0.019281327724456787,
        0.016109028831124306
      ],
      "S_K_cumulative_var": 0.2910606265068054,
      "S_R_cumulative_var": 0.29559898376464844,
      "membership_probe": {
        "auroc_mean": 0.688805,
        "auroc_std": 0.026880984914991527,
        "auroc_per_fold": [
          0.7113500000000001,
          0.6802749999999999,
          0.67895,
          0.6484749999999999,
          0.7249749999999999
        ]
      },
      "recall_probe": {
        "auroc_mean": 0.72812,
        "auroc_std": 0.05223261050340101,
        "auroc_per_fold": [
          0.6749000000000002,
          0.7774,
          0.6946,
          0.6896,
          0.8041
        ]
      }
    },
    "16": {
      "layer": 16,