{
  "layers_analyzed": [
    0,
    4,
    8,
    12,
    16,
    20,
    24,
    27
  ],
  "d_model": 3584,
  "n_layers": 28,
  "n_components": 10,
  "n_member": 1000,
  "n_nonmember": 1000,
  "per_layer": {
    "0": {
      "layer": 0,
      "d_K_norm": 0.0037690335884690285,
      "d_R_norm": 0.00645553320646286,
      "cosine_d_K_d_R": 0.14493966102600098,
      "principal_angles_deg": [
        41.88286209106445,
        25.774927139282227,
        20.971908569335938,
        17.162118911743164,
        15.652440071105957,
        13.468652725219727,
        12.768805503845215,
        9.389748573303223,
        7.6750688552856445,
        5.960336208343506
      ],
      "mean_principal_angle_deg": 17.070688247680664,
      "min_principal_angle_deg": 5.960336208343506,
      "max_principal_angle_deg": 41.88286209106445,
      "S_K_variance_explained": [
        0.12029515206813812,
        0.06961669772863388,
        0.055421989411115646,
        0.029367612674832344,
        0.028181584551930428,
        0.020573461428284645,
        0.01826486550271511,
        0.014899017289280891,
        0.013838352635502815,
        0.013216250576078892
      ],
      "S_R_variance_explained": [
        0.11277846992015839,
        0.07345324009656906,
        0.059222325682640076,
        0.030410807579755783,
        0.02919061668217182,
        0.02274305745959282,
        0.018930984660983086,
        0.01640371046960354,
        0.01517460122704506,
        0.012774508446455002
      ],
      "S_K_cumulative_var": 0.3836749792098999,
      "S_R_cumulative_var": 0.3910822868347168,
      "membership_probe": {
        "auroc_mean": 0.49660000000000004,
        "auroc_std": 0.017488517661597282,
        "auroc_per_fold": [
          0.49382499999999996,
          0.4686,
          0.51195,
          0.490475,
          0.51815
        ]
      },
      "recall_probe": {
        "auroc_mean": 0.5493199999999999,
        "auroc_std": 0.03681539895206896,
        "auroc_per_fold": [
          0.5427,
          0.5772,
          0.5273,
          0.602,
          0.4974
        ]
      }
    },
    "4": {
      "layer": 4,
      "d_K_norm": 0.1954924315214157,
      "d_R_norm": 2.7999918460845947,
      "cosine_d_K_d_R": 0.21752192080020905,
      "principal_angles_deg": [
        45.447486877441406,
        22.726320266723633,
        16.917776107788086,
        15.98179817199707,
        15.245003700256348,
        13.07824993133545,
        11.033257484436035,
        10.442776679992676,
        7.173269271850586,
        2.13349986076355
      ],
      "mean_principal_angle_deg": 16.017942428588867,
      "min_principal_angle_deg": 2.13349986076355,
      "max_principal_angle_deg": 45.447486877441406,
      "S_K_variance_explained": [
        0.5498991012573242,
        0.03747165948152542,
        0.020454231649637222,
        0.017738929018378258,
        0.015264084562659264,
        0.012236826121807098,
        0.010998701676726341,
        0.01004832237958908,
        0.009416102431714535,
        0.007435142528265715
      ],
      "S_R_variance_explained": [
        0.5220502614974976,
        0.042493242770433426,
        0.02066616155207157,
        0.01874401979148388,
        0.017418505623936653,
        0.013911132700741291,
        0.012097354047000408,
        0.010549911297857761,
        0.00874488428235054,
        0.008100161328911781
      ],
      "S_K_cumulative_var": 0.690963089466095,
      "S_R_cumulative_var": 0.6747756004333496,
      "membership_probe": {
        "auroc_mean": 0.508885,
        "auroc_std": 0.0250403803884845,
        "auroc_per_fold": [
          0.51085,
          0.5378000000000001,
          0.48512500000000003,
          0.476125,
          0.5345249999999999
        ]
      },
      "recall_probe": {
        "auroc_mean": 0.7575800000000001,
        "auroc_std": 0.04016951082599838,
        "auroc_per_fold": [
          0.7532,
          0.7152999999999999,
          0.7643,
          0.8296,
          0.7255
        ]
      }
    },
    "8": {
      "layer": 8,
      "d_K_norm": 0.4293447434902191,
      "d_R_norm": 2.870429515838623,
      "cosine_d_K_d_R": 0.17620383203029633,
      "principal_angles_deg": [
        26.76652717590332,
        22.90804100036621,
        19.119966506958008,
        17.617490768432617,
        13.99338436126709,
        12.701290130615234,
        11.72127628326416,
        10.467634201049805,
        7.229655742645264,
        4.042928218841553
      ],
      "mean_principal_angle_deg": 14.656819343566895,
      "min_principal_angle_deg": 4.042928218841553,
      "max_principal_angle_deg": 26.76652717590332,
      "S_K_variance_explained": [
        0.26453179121017456,
        0.06131668761372566,
        0.033179156482219696,
        0.026969365775585175,
        0.02613121084868908,
        0.019796097651124,
        0.017692862078547478,
        0.01737995445728302,
        0.01520498376339674,
        0.012154259718954563
      ],
      "S_R_variance_explained": [
        0.256500780582428,
        0.06551676243543625,
        0.03648940846323967,
        0.02674972452223301,
        0.026167728006839752,
        0.021283727139234543,
        0.019202660769224167,
        0.016106322407722473,
        0.013845281675457954,
        0.012907447293400764
      ],
      "S_K_cumulative_var": 0.4943563640117645,
      "S_R_cumulative_var": 0.4947698414325714,
      "membership_probe": {
        "auroc_mean": 0.55021,
        "auroc_std": 0.02014163349880046,
        "auroc_per_fold": [
          0.554225,
          0.553925,
          0.5461,
          0.516975,
          0.579825
        ]
      },
      "recall_probe": {
        "auroc_mean": 0.72368,
        "auroc_std": 0.03027708044049162,
        "auroc_per_fold": [
          0.6934,
          0.7079,
          0.731,
          0.7792,
          0.7069
        ]
      }
    },
    "12": {
      "layer": 12,
      "d_K_norm": 0.8026332259178162,
      "d_R_norm": 3.166640520095825,
      "cosine_d_K_d_R": 0.1988873928785324,
      "principal_angles_deg": [
        26.593427658081055,
        24.98796272277832,
        19.76629066467285,
        17.42872428894043,
        16.563919067382812,
        13.346822738647461,
        12.015486717224121,
        10.917383193969727,
        7.5145463943481445,
        5.981259346008301
      ],
      "mean_principal_angle_deg": 15.51158332824707,
      "min_principal_angle_deg": 5.981259346008301,
      "max_principal_angle_deg": 26.593427658081055,
      "S_K_variance_explained": [
        0.1321684867143631,
        0.06495840847492218,
        0.0385810062289238,
        0.03214457631111145,
        0.028204599395394325,
        0.021475642919540405,
        0.01917344331741333,
        0.018258629366755486,
        0.016628790646791458,
        0.013762883841991425
      ],
      "S_R_variance_explained": [
        0.12863726913928986,
        0.06806274503469467,
        0.04330996796488762,
        0.03059803508222103,
        0.02880086936056614,
        0.02199874073266983,
        0.019547568634152412,
        0.017695389688014984,
        0.01592514105141163,
        0.013861891813576221
      ],
      "S_K_cumulative_var": 0.38535648584365845,
      "S_R_cumulative_var": 0.3884375989437103,
      "membership_probe": {
        "auroc_mean": 0.6195700000000001,
        "auroc_std": 0.016259946186872806,
        "auroc_per_fold": [
          0.6102500000000001,
          0.62405,
          0.619275,
          0.597625,
          0.64665
        ]
      },
      "recall_probe": {
        "auroc_mean": 0.7171999999999998,
        "auroc_std": 0.015300718937357169,
        "auroc_per_fold": [
          0.7006,
          0.7187,
          0.7157,
          0.7449,
          0.7061
        ]
      }
    },
    "16": {
      "layer": 16,
      "d_K_norm": 1.3682336807250977,
      "d_R_norm": 3.3215506076812744,
      "cosine_d_K_d_R": 0.38986527919769287,