{
  "layers_analyzed": [
    0,
    4,
    8,
    12,
    16,
    20,
    24,
    28,
    31
  ],
  "d_model": 2560,
  "n_layers": 32,
  "n_components": 10,
  "n_member": 1000,
  "n_nonmember": 1000,
  "per_layer": {
    "0": {
      "layer": 0,
      "d_K_norm": 0.00713733583688736,
      "d_R_norm": 0.026243694126605988,
      "cosine_d_K_d_R": -0.060168683528900146,
      "principal_angles_deg": [
        37.39266586303711,
        25.03949737548828,
        21.52980613708496,
        17.670862197875977,
        16.564064025878906,
        11.567462921142578,
        10.2169828414917,
        8.53450870513916,
        6.802417755126953,
        4.026050567626953
      ],
      "mean_principal_angle_deg": 15.934430122375488,
      "min_principal_angle_deg": 4.026050567626953,
      "max_principal_angle_deg": 37.39266586303711,
      "S_K_variance_explained": [
        0.20153075456619263,
        0.08521139621734619,
        0.04751237481832504,
        0.03265849128365517,
        0.02885567769408226,
        0.018818506971001625,
        0.015912668779492378,
        0.0127112390473485,
        0.012486190535128117,
        0.010528726503252983
      ],
      "S_R_variance_explained": [
        0.21641191840171814,
        0.08188037574291229,
        0.05197814479470253,
        0.03337901458144188,
        0.029083628207445145,
        0.0186169296503067,
        0.01737138256430626,
        0.014362230896949768,
        0.013423171825706959,
        0.01267070323228836
      ],
      "S_K_cumulative_var": 0.4662260115146637,
      "S_R_cumulative_var": 0.48917749524116516,
      "membership_probe": {
        "auroc_mean": 0.47028500000000006,
        "auroc_std": 0.016073896540664923,
        "auroc_per_fold": [
          0.46557500000000007,
          0.469025,
          0.446025,
          0.47485,
          0.49595
        ]
      },
      "recall_probe": {
        "auroc_mean": 0.68438,
        "auroc_std": 0.023563480218337842,
        "auroc_per_fold": [
          0.6965,
          0.6627000000000001,
          0.6716,
          0.666,
          0.7251
        ]
      }
    },
    "4": {
      "layer": 4,
      "d_K_norm": 0.5781660079956055,
      "d_R_norm": 3.2008817195892334,
      "cosine_d_K_d_R": -0.0006564868381246924,
      "principal_angles_deg": [
        70.42393493652344,
        23.4060001373291,
        14.568403244018555,
        12.640430450439453,
        10.804463386535645,
        10.23254680633545,
        9.375884056091309,
        7.677074909210205,
        6.930916786193848,
        2.875009775161743
      ],
      "mean_principal_angle_deg": 16.89346694946289,
      "min_principal_angle_deg": 2.875009775161743,
      "max_principal_angle_deg": 70.42393493652344,
      "S_K_variance_explained": [
        0.2838641405105591,
        0.07474447786808014,
        0.048561327159404755,
        0.038737449795007706,
        0.026479244232177734,
        0.023794420063495636,
        0.022805340588092804,
        0.019677506759762764,
        0.016409091651439667,
        0.013733195140957832
      ],
      "S_R_variance_explained": [
        0.2993815541267395,
        0.06597105413675308,
        0.05010196194052696,
        0.04231622815132141,
        0.02883141301572323,
        0.025547144934535027,
        0.022650979459285736,
        0.018264897167682648,
        0.016354821622371674,
        0.013868139125406742
      ],
      "S_K_cumulative_var": 0.5688061714172363,
      "S_R_cumulative_var": 0.5832881927490234,
      "membership_probe": {
        "auroc_mean": 0.49277999999999994,
        "auroc_std": 0.012204665091677043,
        "auroc_per_fold": [
          0.4796,
          0.512325,
          0.48055,
          0.49237499999999995,
          0.49905
        ]
      },
      "recall_probe": {
        "auroc_mean": 0.69078,
        "auroc_std": 0.03653137829318793,
        "auroc_per_fold": [
          0.6436,
          0.6547,
          0.6987,
          0.7174000000000001,
          0.7394999999999999
        ]
      }
    },
    "8": {
      "layer": 8,
      "d_K_norm": 0.9116083383560181,
      "d_R_norm": 5.071460723876953,
      "cosine_d_K_d_R": 0.022375725209712982,
      "principal_angles_deg": [
        28.18702507019043,
        19.112266540527344,
        16.581031799316406,
        12.579566955566406,
        10.879671096801758,
        10.120588302612305,
        9.210180282592773,
        7.161396026611328,
        6.8078083992004395,
        4.251799583435059
      ],
      "mean_principal_angle_deg": 12.489133834838867,
      "min_principal_angle_deg": 4.251799583435059,
      "max_principal_angle_deg": 28.18702507019043,
      "S_K_variance_explained": [
        0.17452235519886017,
        0.08608059585094452,
        0.053491074591875076,
        0.04346926137804985,
        0.03929731994867325,
        0.027889518067240715,
        0.025253914296627045,
        0.020901037380099297,
        0.017934711650013924,
        0.01683434657752514
      ],
      "S_R_variance_explained": [
        0.18002241849899292,
        0.07678951323032379,
        0.06667734682559967,
        0.048266276717185974,
        0.039701852947473526,
        0.02844873256981373,
        0.025395559147000313,
        0.021045958623290062,
        0.017501166090369225,
        0.016406960785388947
      ],
      "S_K_cumulative_var": 0.5056741237640381,
      "S_R_cumulative_var": 0.5202557444572449,
      "membership_probe": {
        "auroc_mean": 0.503125,
        "auroc_std": 0.016293595367505603,
        "auroc_per_fold": [
          0.5115000000000001,
          0.49462500000000004,
          0.53125,
          0.488125,
          0.49012500000000003
        ]
      },
      "recall_probe": {
        "auroc_mean": 0.7405799999999999,
        "auroc_std": 0.027990098249202334,
        "auroc_per_fold": [
          0.7295,
          0.7213,
          0.7302000000000001,
          0.7257,
          0.7962
        ]
      }
    },
    "12": {
      "layer": 12,
      "d_K_norm": 1.1613633632659912,
      "d_R_norm": 9.223255157470703,
      "cosine_d_K_d_R": -0.11939883232116699,
      "principal_angles_deg": [
        30.87403106689453,
        23.461103439331055,
        18.999526977539062,
        15.54410457611084,
        13.120410919189453,
        12.3605375289917,
        10.430039405822754,
        9.472593307495117,
        5.617609024047852,
        4.942245006561279
      ],
      "mean_principal_angle_deg": 14.482221603393555,
      "min_principal_angle_deg": 4.942245006561279,
      "max_principal_angle_deg": 30.87403106689453,
      "S_K_variance_explained": [
        0.18348266184329987,
        0.10269662737846375,
        0.04522670432925224,
        0.03044426441192627,
        0.027933824807405472,
        0.02434188686311245,
        0.019975217059254646,
        0.016914203763008118,
        0.015055127441883087,
        0.013654546812176704
      ],
      "S_R_variance_explained": [
        0.17535237967967987,
        0.10828093439340591,
        0.047176070511341095,
        0.03676662966609001,
        0.028659233823418617,
        0.024032847955822945,
        0.019940484315156937,
        0.01607893407344818,
        0.015590756200253963,
        0.014069256372749805
      ],
      "S_K_cumulative_var": 0.47972506284713745,
      "S_R_cumulative_var": 0.48594751954078674,
      "membership_probe": {
        "auroc_mean": 0.49745,
        "auroc_std": 0.026729412638514905,
        "auroc_per_fold": [
          0.51185,
          0.5020749999999999,
          0.527375,
          0.447975,
          0.497975
        ]
      },
      "recall_probe": {
        "auroc_mean": 0.8150999999999999,
        "auroc_std": 0.018093976898404605,
        "auroc_per_fold": [
          0.8319000000000001,
          0.7901,
          0.8332999999999999,
          0.7969,
          0.8233
        ]
      }
    },
    "16": {
      "layer": 16,
      "d_K_norm": 1.6514452695846558,