{
  "layers_analyzed": [
    0,
    2,
    4,
    6,
    8,
    10,
    12,
    14,
    15
  ],
  "d_model": 2048,
  "n_layers": 16,
  "n_components": 10,
  "n_member": 1000,
  "n_nonmember": 1000,
  "per_layer": {
    "0": {
      "layer": 0,
      "d_K_norm": 0.004246371798217297,
      "d_R_norm": 0.013840324245393276,
      "cosine_d_K_d_R": -0.16980130970478058,
      "principal_angles_deg": [
        39.75100326538086,
        28.66799545288086,
        27.093950271606445,
        21.920703887939453,
        20.32804298400879,
        17.70438575744629,
        14.7589693069458,
        12.726753234863281,
        10.980693817138672,
        8.946586608886719
      ],
      "mean_principal_angle_deg": 20.28790855407715,
      "min_principal_angle_deg": 8.946586608886719,
      "max_principal_angle_deg": 39.75100326538086,
      "S_K_variance_explained": [
        0.06938499212265015,
        0.04404434934258461,
        0.029841167852282524,
        0.026121651753783226,
        0.0195233765989542,
        0.018337856978178024,
        0.014422604814171791,
        0.013063402846455574,
        0.012140531092882156,
        0.01146184653043747
      ],
      "S_R_variance_explained": [
        0.06812284141778946,
        0.04881064221262932,
        0.03220022842288017,
        0.027791157364845276,
        0.01996447704732418,
        0.019274797290563583,
        0.01576610840857029,
        0.013463172130286694,
        0.012729048728942871,
        0.012142361141741276
      ],
      "S_K_cumulative_var": 0.2583417594432831,
      "S_R_cumulative_var": 0.2702648341655731,
      "membership_probe": {
        "auroc_mean": 0.48748500000000006,
        "auroc_std": 0.014029599067685453,
        "auroc_per_fold": [
          0.5017,
          0.476325,
          0.48022499999999996,
          0.472325,
          0.50685
        ]
      },
      "recall_probe": {
        "auroc_mean": 0.6596599999999999,
        "auroc_std": 0.016420060901226864,
        "auroc_per_fold": [
          0.642,
          0.6383000000000001,
          0.6742999999999999,
          0.6777000000000001,
          0.666
        ]
      }
    },
    "2": {
      "layer": 2,
      "d_K_norm": 0.1747427135705948,
      "d_R_norm": 0.7692949175834656,
      "cosine_d_K_d_R": -0.07177875936031342,
      "principal_angles_deg": [
        37.75621032714844,
        22.40321922302246,
        16.574365615844727,
        15.547487258911133,
        12.619168281555176,
        11.27796745300293,
        10.845630645751953,
        9.624714851379395,
        8.324806213378906,
        5.958249568939209
      ],
      "mean_principal_angle_deg": 15.093182563781738,
      "min_principal_angle_deg": 5.958249568939209,
      "max_principal_angle_deg": 37.75621032714844,
      "S_K_variance_explained": [
        0.10504831373691559,
        0.0632445216178894,
        0.04528981074690819,
        0.04228745773434639,
        0.03308294340968132,
        0.0330151803791523,
        0.025971926748752594,
        0.023957649245858192,
        0.02066325768828392,
        0.01806894689798355
      ],
      "S_R_variance_explained": [
        0.10811533033847809,
        0.06337302178144455,
        0.04400819167494774,
        0.042813804000616074,
        0.037475574761629105,
        0.03186240792274475,
        0.024643179029226303,
        0.022380927577614784,
        0.021898822858929634,
        0.020550986751914024
      ],
      "S_K_cumulative_var": 0.4106300175189972,
      "S_R_cumulative_var": 0.4171222746372223,
      "membership_probe": {
        "auroc_mean": 0.513545,
        "auroc_std": 0.016608156128842214,
        "auroc_per_fold": [
          0.530875,
          0.5305500000000001,
          0.5052750000000001,
          0.4867000000000001,
          0.514325
        ]
      },
      "recall_probe": {
        "auroc_mean": 0.7138000000000001,
        "auroc_std": 0.014946303890928997,
        "auroc_per_fold": [
          0.7247,
          0.6940000000000001,
          0.7003000000000001,
          0.7343000000000001,
          0.7157
        ]
      }
    },
    "4": {
      "layer": 4,
      "d_K_norm": 0.27292370796203613,
      "d_R_norm": 1.178301215171814,
      "cosine_d_K_d_R": -0.08223117887973785,
      "principal_angles_deg": [
        20.781940460205078,
        18.851163864135742,
        15.49799919128418,
        14.830172538757324,
        12.713582992553711,
        11.875085830688477,
        10.633042335510254,
        9.623350143432617,
        6.755672454833984,
        5.269345283508301
      ],
      "mean_principal_angle_deg": 12.683135986328125,
      "min_principal_angle_deg": 5.269345283508301,
      "max_principal_angle_deg": 20.781940460205078,
      "S_K_variance_explained": [
        0.14567247033119202,
        0.07571597397327423,
        0.050880927592515945,
        0.03615650162100792,
        0.03430052101612091,
        0.026558123528957367,
        0.022900858893990517,
        0.021370621398091316,
        0.02001013420522213,
        0.015333600342273712
      ],
      "S_R_variance_explained": [
        0.16248317062854767,
        0.07365748286247253,
        0.05129845812916756,
        0.03706132620573044,
        0.03375152125954628,
        0.02897414192557335,
        0.021955491974949837,
        0.02058245986700058,
        0.019910970702767372,
        0.01641361601650715
      ],
      "S_K_cumulative_var": 0.4488997161388397,
      "S_R_cumulative_var": 0.4660886526107788,
      "membership_probe": {
        "auroc_mean": 0.5103150000000001,
        "auroc_std": 0.01631437709506554,
        "auroc_per_fold": [
          0.53975,
          0.5107,
          0.510275,
          0.4922,
          0.49865000000000004
        ]
      },
      "recall_probe": {
        "auroc_mean": 0.7372400000000001,
        "auroc_std": 0.008502846582174674,
        "auroc_per_fold": [
          0.7234,
          0.7334,
          0.7381,
          0.7482,
          0.7431
        ]
      }
    },
    "6": {
      "layer": 6,
      "d_K_norm": 0.37000003457069397,
      "d_R_norm": 1.4583909511566162,
      "cosine_d_K_d_R": -0.038010373711586,
      "principal_angles_deg": [
        47.481056213378906,
        24.737825393676758,
        21.716651916503906,
        18.59611701965332,
        15.27387523651123,
        12.974544525146484,
        11.738396644592285,
        10.672064781188965,
        7.738856792449951,
        5.009810447692871
      ],
      "mean_principal_angle_deg": 17.59391975402832,
      "min_principal_angle_deg": 5.009810447692871,
      "max_principal_angle_deg": 47.481056213378906,
      "S_K_variance_explained": [
        0.15202449262142181,
        0.06338530778884888,
        0.04319439455866814,
        0.03311370313167572,
        0.029011815786361694,
        0.02339324541389942,
        0.022064659744501114,
        0.019530463963747025,
        0.017013201490044594,
        0.015212804079055786
      ],
      "S_R_variance_explained": [
        0.16988900303840637,
        0.060274895280599594,
        0.04439728334546089,
        0.03294362127780914,
        0.0285346582531929,
        0.024641627445816994,
        0.020290741696953773,
        0.019207537174224854,
        0.01658751629292965,
        0.01607755944132805
      ],
      "S_K_cumulative_var": 0.417944073677063,
      "S_R_cumulative_var": 0.4328444302082062,
      "membership_probe": {
        "auroc_mean": 0.52419,
        "auroc_std": 0.027762621454034197,
        "auroc_per_fold": [
          0.558875,
          0.5270999999999999,
          0.5415000000000001,
          0.47630000000000006,
          0.5171749999999999
        ]
      },
      "recall_probe": {
        "auroc_mean": 0.74902,
        "auroc_std": 0.011067321265780647,
        "auroc_per_fold": [
          0.7334999999999999,
          0.7593000000000001,
          0.7418,
          0.7635,
          0.7469999999999999
        ]
      }
    },