{
  "layers_analyzed": [
    0,
    6,
    12,
    18,
    24,
    30,
    35
  ],
  "d_model": 5120,
  "n_layers": 36,
  "n_components": 10,
  "n_member": 1000,
  "n_nonmember": 1000,
  "per_layer": {
    "0": {
      "layer": 0,
      "d_K_norm": 0.004897544160485268,
      "d_R_norm": 0.01963677443563938,
      "cosine_d_K_d_R": -0.06291114538908005,
      "principal_angles_deg": [
        50.38359069824219,
        37.25969314575195,
        25.085460662841797,
        21.018096923828125,
        20.346189498901367,
        17.556373596191406,
        14.628337860107422,
        12.55279541015625,
        10.936123847961426,
        8.769207954406738
      ],
      "mean_principal_angle_deg": 21.853588104248047,
      "min_principal_angle_deg": 8.769207954406738,
      "max_principal_angle_deg": 50.38359069824219,
      "S_K_variance_explained": [
        0.07721506059169769,
        0.041646745055913925,
        0.03501901775598526,
        0.0241494569927454,
        0.01842433772981167,
        0.01585102453827858,
        0.014012889005243778,
        0.012980176135897636,
        0.01117114257067442,
        0.010382375679910183
      ],
      "S_R_variance_explained": [
        0.07196631282567978,
        0.04506504163146019,
        0.038233302533626556,
        0.024415086954832077,
        0.01890450529754162,
        0.01698770746588707,
        0.016084466129541397,
        0.013193711638450623,
        0.01165633462369442,
        0.010435785166919231
      ],
      "S_K_cumulative_var": 0.26085221767425537,
      "S_R_cumulative_var": 0.26694226264953613,
      "membership_probe": {
        "auroc_mean": 0.48782,
        "auroc_std": 0.018686782762155695,
        "auroc_per_fold": [
          0.48714999999999997,
          0.47137500000000004,
          0.46465,
          0.5,
          0.515925
        ]
      },
      "recall_probe": {
        "auroc_mean": 0.6842600000000001,
        "auroc_std": 0.018206218717789813,
        "auroc_per_fold": [
          0.6667000000000001,
          0.668,
          0.7141000000000001,
          0.6959000000000001,
          0.6766000000000001
        ]
      }
    },
    "6": {
      "layer": 6,
      "d_K_norm": 0.6605191826820374,
      "d_R_norm": 3.1754865646362305,
      "cosine_d_K_d_R": -0.059788987040519714,
      "principal_angles_deg": [
        29.047840118408203,
        22.003252029418945,
        17.481836318969727,
        16.1182861328125,
        13.69060230255127,
        12.54541015625,
        11.415440559387207,
        9.800310134887695,
        8.004813194274902,
        7.496856212615967
      ],
      "mean_principal_angle_deg": 14.760464668273926,
      "min_principal_angle_deg": 7.496856212615967,
      "max_principal_angle_deg": 29.047840118408203,
      "S_K_variance_explained": [
        0.08412562310695648,
        0.06832695752382278,
        0.048218000680208206,
        0.037334367632865906,
        0.030484333634376526,
        0.026315879076719284,
        0.024325471371412277,
        0.021850818768143654,
        0.019977156072854996,
        0.01707255095243454
      ],
      "S_R_variance_explained": [
        0.0798363983631134,
        0.06587964296340942,
        0.04888109117746353,
        0.03765317052602768,
        0.03136340528726578,
        0.028772879391908646,
        0.024901093915104866,
        0.023220328614115715,
        0.022207412868738174,
        0.017963800579309464
      ],
      "S_K_cumulative_var": 0.3780311644077301,
      "S_R_cumulative_var": 0.3806792199611664,
      "membership_probe": {
        "auroc_mean": 0.5134449999999999,
        "auroc_std": 0.02489660318196038,
        "auroc_per_fold": [
          0.509525,
          0.5227999999999999,
          0.55425,
          0.478875,
          0.5017750000000001
        ]
      },
      "recall_probe": {
        "auroc_mean": 0.7666200000000001,
        "auroc_std": 0.010914467462959427,
        "auroc_per_fold": [
          0.7707,
          0.7740999999999999,
          0.7806000000000001,
          0.753,
          0.7547
        ]
      }
    },
    "12": {
      "layer": 12,
      "d_K_norm": 1.2730686664581299,
      "d_R_norm": 5.223299980163574,
      "cosine_d_K_d_R": 0.14451941847801208,
      "principal_angles_deg": [
        68.24951934814453,
        29.422794342041016,
        21.21089744567871,
        18.86286735534668,
        17.17160987854004,
        15.118123054504395,
        14.3219633102417,
        12.357093811035156,
        11.810643196105957,
        9.721440315246582
      ],
      "mean_principal_angle_deg": 21.824695587158203,
      "min_principal_angle_deg": 9.721440315246582,
      "max_principal_angle_deg": 68.24951934814453,
      "S_K_variance_explained": [
        0.05859962850809097,
        0.03915748372673988,
        0.03582637384533882,
        0.03207353129982948,
        0.026591861620545387,
        0.02213665097951889,
        0.019866403192281723,
        0.018208982422947884,
        0.01601492241024971,
        0.014908876270055771
      ],
      "S_R_variance_explained": [
        0.05473526194691658,
        0.03976517543196678,
        0.03374706208705902,
        0.03144314885139465,
        0.02780137211084366,
        0.023944074288010597,
        0.021483376622200012,
        0.020494705066084862,
        0.0169732216745615,
        0.015923984348773956
      ],
      "S_K_cumulative_var": 0.2833847105503082,
      "S_R_cumulative_var": 0.28631138801574707,
      "membership_probe": {
        "auroc_mean": 0.573675,
        "auroc_std": 0.02378211512881057,
        "auroc_per_fold": [
          0.5677000000000001,
          0.5956250000000001,
          0.54285,
          0.5561,
          0.6061000000000001
        ]
      },
      "recall_probe": {
        "auroc_mean": 0.80264,
        "auroc_std": 0.010318837143787056,
        "auroc_per_fold": [
          0.806,
          0.7861,
          0.7991000000000001,
          0.8179,
          0.8040999999999999
        ]
      }
    },
    "18": {
      "layer": 18,
      "d_K_norm": 2.8969223499298096,
      "d_R_norm": 8.101768493652344,
      "cosine_d_K_d_R": 0.25486111640930176,
      "principal_angles_deg": [
        39.64701843261719,
        31.203062057495117,
        27.279003143310547,
        24.21291160583496,
        19.618864059448242,
        17.87305450439453,
        14.910654067993164,
        13.66299057006836,
        11.828531265258789,
        11.571290016174316
      ],
      "mean_principal_angle_deg": 21.18073844909668,
      "min_principal_angle_deg": 11.571290016174316,
      "max_principal_angle_deg": 39.64701843261719,
      "S_K_variance_explained": [
        0.04702544957399368,
        0.04051000997424126,
        0.030066629871726036,
        0.02565440908074379,
        0.022595157846808434,
        0.019236568361520767,
        0.01656150072813034,
        0.015136495232582092,
        0.013644375838339329,
        0.012534917332231998
      ],
      "S_R_variance_explained": [
        0.04295007884502411,
        0.041607461869716644,
        0.030529102310538292,
        0.025173963978886604,
        0.023581497371196747,
        0.020981315523386,
        0.018290143460035324,
        0.01575547456741333,
        0.014644135721027851,
        0.01354595459997654
      ],
      "S_K_cumulative_var": 0.24296550452709198,
      "S_R_cumulative_var": 0.24705912172794342,
      "membership_probe": {
        "auroc_mean": 0.7410399999999999,
        "auroc_std": 0.02246261115720962,
        "auroc_per_fold": [
          0.7217250000000001,
          0.7409999999999999,
          0.7191750000000001,
          0.741375,
          0.781925
        ]
      },
      "recall_probe": {
        "auroc_mean": 0.8200600000000001,
        "auroc_std": 0.00586876477633921,
        "auroc_per_fold": [
          0.8220000000000001,
          0.8233,
          0.8283,
          0.8133,
          0.8134000000000001
        ]
      }
    },