{
  "model": "qwen2",
  "layer": 16,
  "sae_path": "runs/sae/memcirc_qwen2_epoch5_layer16_4x_l1_5e4_member/sae_final.pt",
  "n_member": 1000,
  "n_nonmember": 1000,
  "original": {
    "score_K_auroc": 0.6383270000000001,
    "norm_auroc": 0.571016
  },
  "sae_reconstructed": {
    "score_K_auroc": 0.526313,
    "norm_auroc": 0.8189569999999999
  },
  "residual": {
    "score_K_auroc": 0.8484999999999999,
    "norm_auroc": 0.9817819999999999
  },
  "sae_quality": {
    "reconstruction_mse": 746.9431762695312,
    "reconstruction_cosine": 0.850230872631073,
    "d_K_coverage_cosine": 0.22348743677139282,
    "d_K_residual_fraction": 0.950053334236145,
    "mean_active_features": 9.459,
    "total_features": 14336,
    "sparsity": 0.0006598074776785714
  },
  "dark_subspace_effect": {
    "auroc_drop_from_recon": 0.11201400000000006,
    "auroc_preserved_in_residual": 0.8484999999999999,
    "memorization_is_dark": true
  },
  "timestamp": "2026-03-26 15:30:14 UTC"
}