{
  "layers_analyzed": [
    0,
    3,
    6,
    9,
    12,
    15,
    18,
    21,
    23
  ],
  "d_model": 1024,
  "n_layers": 24,
  "n_components": 10,
  "n_member": 1000,
  "n_nonmember": 1000,
  "per_layer": {
    "0": {
      "layer": 0,
      "d_K_norm": 0.0034006645437330008,
      "d_R_norm": 0.016560541465878487,
      "cosine_d_K_d_R": -0.17499056458473206,
      "principal_angles_deg": [
        87.46217346191406,
        78.72904205322266,
        67.84114074707031,
        65.94588470458984,
        60.722537994384766,
        49.9166374206543,
        45.35850143432617,
        40.7575798034668,
        30.10091781616211,
        25.77541732788086
      ],
      "mean_principal_angle_deg": 55.26097869873047,
      "min_principal_angle_deg": 25.77541732788086,
      "max_principal_angle_deg": 87.46217346191406,
      "S_K_variance_explained": [
        0.01843590848147869,
        0.014224504120647907,
        0.010858078487217426,
        0.009807622991502285,
        0.008531593717634678,
        0.008115575648844242,
        0.007027674000710249,
        0.006751187611371279,
        0.006352410186082125,
        0.005982990376651287
      ],
      "S_R_variance_explained": [
        0.027028119191527367,
        0.020922357216477394,
        0.015620325691998005,
        0.01383778266608715,
        0.011431173421442509,
        0.009595626033842564,
        0.009366472251713276,
        0.008909068070352077,
        0.008105980232357979,
        0.007451183628290892
      ],
      "S_K_cumulative_var": 0.09608754515647888,
      "S_R_cumulative_var": 0.13226808607578278,
      "membership_probe": {
        "auroc_mean": 0.49871,
        "auroc_std": 0.01868998796147284,
        "auroc_per_fold": [
          0.491975,
          0.47172499999999995,
          0.5,
          0.5,
          0.5298499999999999
        ]
      },
      "recall_probe": {
        "auroc_mean": 0.74916,
        "auroc_std": 0.03781912743573017,
        "auroc_per_fold": [
          0.7513000000000001,
          0.6769000000000001,
          0.7813,
          0.7774,
          0.7589
        ]
      }
    },
    "3": {
      "layer": 3,
      "d_K_norm": 0.08968691527843475,
      "d_R_norm": 0.6256101727485657,
      "cosine_d_K_d_R": -0.05811069533228874,
      "principal_angles_deg": [
        87.73021697998047,
        80.51705169677734,
        64.6817626953125,
        62.969783782958984,
        54.564754486083984,
        47.913185119628906,
        42.10486602783203,
        37.70485305786133,
        30.88288688659668,
        23.29969024658203
      ],
      "mean_principal_angle_deg": 53.236900329589844,
      "min_principal_angle_deg": 23.29969024658203,
      "max_principal_angle_deg": 87.73021697998047,
      "S_K_variance_explained": [
        0.02970278076827526,
        0.020762020722031593,
        0.017336703836917877,
        0.015224498696625233,
        0.012825860641896725,
        0.012046311050653458,
        0.009573588147759438,
        0.00926651619374752,
        0.00809332262724638,
        0.00734753767028451
      ],
      "S_R_variance_explained": [
        0.05115538835525513,
        0.042488399893045425,
        0.03602797910571098,
        0.031234068796038628,
        0.021815871819853783,
        0.015886720269918442,
        0.014109599404036999,
        0.011921756900846958,
        0.009746634401381016,
        0.009432053193449974
      ],
      "S_K_cumulative_var": 0.14217914640903473,
      "S_R_cumulative_var": 0.2438184767961502,
      "membership_probe": {
        "auroc_mean": 0.499695,
        "auroc_std": 0.012857258650272206,
        "auroc_per_fold": [
          0.50675,
          0.48195000000000005,
          0.51435,
          0.48677500000000007,
          0.50865
        ]
      },
      "recall_probe": {
        "auroc_mean": 0.8314400000000001,
        "auroc_std": 0.031160269575213898,
        "auroc_per_fold": [
          0.8202,
          0.7767000000000001,
          0.8482000000000001,
          0.8670000000000001,
          0.8451000000000001
        ]
      }
    },
    "6": {
      "layer": 6,
      "d_K_norm": 0.15641236305236816,
      "d_R_norm": 1.1448801755905151,
      "cosine_d_K_d_R": 0.15815703570842743,
      "principal_angles_deg": [
        82.85668182373047,
        78.05030822753906,
        72.6590347290039,
        68.24784088134766,
        62.73811340332031,
        55.41307067871094,
        53.34644317626953,
        47.61928939819336,
        38.85671615600586,
        30.441646575927734
      ],
      "mean_principal_angle_deg": 59.022911071777344,
      "min_principal_angle_deg": 30.441646575927734,
      "max_principal_angle_deg": 82.85668182373047,
      "S_K_variance_explained": [
        0.03253478184342384,
        0.022657789289951324,
        0.018889594823122025,
        0.016413908451795578,
        0.01472178753465414,
        0.011854005977511406,
        0.011101657524704933,
        0.009834576398134232,
        0.009457029402256012,
        0.008585551753640175
      ],
      "S_R_variance_explained": [
        0.05765879154205322,
        0.048880089074373245,
        0.033686552196741104,
        0.020167309790849686,
        0.017837384715676308,
        0.016461526975035667,
        0.013504140079021454,
        0.012226180173456669,
        0.011063918471336365,
        0.009939313866198063
      ],
      "S_K_cumulative_var": 0.1560506969690323,
      "S_R_cumulative_var": 0.24142520129680634,
      "membership_probe": {
        "auroc_mean": 0.5204000000000001,
        "auroc_std": 0.020083264176921044,
        "auroc_per_fold": [
          0.5312250000000001,
          0.5068,
          0.554025,
          0.497625,
          0.512325
        ]
      },
      "recall_probe": {
        "auroc_mean": 0.84792,
        "auroc_std": 0.03330269658751373,
        "auroc_per_fold": [
          0.8150000000000001,
          0.8075,
          0.8604,
          0.8986,
          0.8581
        ]
      }
    },
    "9": {
      "layer": 9,
      "d_K_norm": 0.20349127054214478,
      "d_R_norm": 1.2211698293685913,
      "cosine_d_K_d_R": 0.16100315749645233,
      "principal_angles_deg": [
        89.06832885742188,
        76.67134094238281,
        70.54476165771484,
        67.35336303710938,
        60.602439880371094,
        58.526973724365234,
        52.707855224609375,
        48.668670654296875,
        38.40282440185547,
        33.98920822143555
      ],
      "mean_principal_angle_deg": 59.6535758972168,
      "min_principal_angle_deg": 33.98920822143555,
      "max_principal_angle_deg": 89.06832885742188,
      "S_K_variance_explained": [
        0.03916317969560623,
        0.027570271864533424,
        0.016539720818400383,
        0.01598529890179634,
        0.012515322305262089,
        0.011543846689164639,
        0.010801991447806358,
        0.009765996597707272,
        0.008922363631427288,
        0.007836505770683289
      ],
      "S_R_variance_explained": [
        0.04027942568063736,
        0.03532705083489418,
        0.028583431616425514,
        0.017287850379943848,
        0.015468028374016285,
        0.014298387803137302,
        0.012999259866774082,
        0.011541786603629589,
        0.010902196168899536,
        0.010015413165092468
      ],
      "S_K_cumulative_var": 0.1606445014476776,
      "S_R_cumulative_var": 0.19670282304286957,
      "membership_probe": {
        "auroc_mean": 0.549435,
        "auroc_std": 0.015774794768871017,
        "auroc_per_fold": [
          0.550975,
          0.546775,
          0.575725,
          0.5262,
          0.5475
        ]
      },
      "recall_probe": {
        "auroc_mean": 0.86772,
        "auroc_std": 0.02910741486288329,
        "auroc_per_fold": [
          0.839,
          0.8276000000000001,
          0.8838,
          0.9028,
          0.8854
        ]
      }
    },
    "12": {
      "layer": 12,
      "d_K_norm": 0.23340925574302673,