{
  "layers_analyzed": [
    0,
    4,
    8,
    12,
    16,
    20,
    24,
    28,
    31
  ],
  "d_model": 4096,
  "n_layers": 32,
  "n_components": 10,
  "n_member": 1000,
  "n_nonmember": 1000,
  "per_layer": {
    "0": {
      "layer": 0,
      "d_K_norm": 0.002191718900576234,
      "d_R_norm": 0.004555194638669491,
      "cosine_d_K_d_R": -0.09291471540927887,
      "principal_angles_deg": [
        60.18173599243164,
        24.361366271972656,
        23.335725784301758,
        22.470535278320312,
        19.90726661682129,
        17.084186553955078,
        14.354785919189453,
        13.84708023071289,
        10.501276016235352,
        8.336892127990723
      ],
      "mean_principal_angle_deg": 21.438087463378906,
      "min_principal_angle_deg": 8.336892127990723,
      "max_principal_angle_deg": 60.18173599243164,
      "S_K_variance_explained": [
        0.08761060237884521,
        0.046030156314373016,
        0.03174741193652153,
        0.023962711915373802,
        0.018717143684625626,
        0.015206688083708286,
        0.014875554479658604,
        0.012662970460951328,
        0.011613980866968632,
        0.008653094060719013
      ],
      "S_R_variance_explained": [
        0.07892530411481857,
        0.05143542215228081,
        0.03205055743455887,
        0.026647448539733887,
        0.019649963825941086,
        0.01652887463569641,
        0.015352425165474415,
        0.013348018750548363,
        0.011686079204082489,
        0.00969125609844923
      ],
      "S_K_cumulative_var": 0.27108034491539,
      "S_R_cumulative_var": 0.27531537413597107,
      "membership_probe": {
        "auroc_mean": 0.49772999999999995,
        "auroc_std": 0.004539999999999988,
        "auroc_per_fold": [
          0.48865000000000003,
          0.5,
          0.5,
          0.5,
          0.5
        ]
      },
      "recall_probe": {
        "auroc_mean": 0.6100199999999999,
        "auroc_std": 0.04462229935805638,
        "auroc_per_fold": [
          0.6532,
          0.6481,
          0.529,
          0.6037,
          0.6161
        ]
      }
    },
    "4": {
      "layer": 4,
      "d_K_norm": 0.02679457701742649,
      "d_R_norm": 0.24992309510707855,
      "cosine_d_K_d_R": -0.05249588191509247,
      "principal_angles_deg": [
        30.792287826538086,
        20.997194290161133,
        18.956687927246094,
        18.190597534179688,
        16.43431282043457,
        13.760279655456543,
        13.13424301147461,
        11.954048156738281,
        7.971004486083984,
        5.129878997802734
      ],
      "mean_principal_angle_deg": 15.732053756713867,
      "min_principal_angle_deg": 5.129878997802734,
      "max_principal_angle_deg": 30.792287826538086,
      "S_K_variance_explained": [
        0.17858438193798065,
        0.0574343279004097,
        0.0325724221765995,
        0.028553394600749016,
        0.026371626183390617,
        0.020492620766162872,
        0.01824178919196129,
        0.01710422709584236,
        0.016671430319547653,
        0.012494847178459167
      ],
      "S_R_variance_explained": [
        0.1657550036907196,
        0.057725004851818085,
        0.03525080904364586,
        0.02862783521413803,
        0.02683667652308941,
        0.02494695410132408,
        0.017961619421839714,
        0.017636574804782867,
        0.016452832147479057,
        0.014365342445671558
      ],
      "S_K_cumulative_var": 0.40852105617523193,
      "S_R_cumulative_var": 0.40555864572525024,
      "membership_probe": {
        "auroc_mean": 0.540975,
        "auroc_std": 0.022154023336631173,
        "auroc_per_fold": [
          0.5362750000000001,
          0.54205,
          0.578475,
          0.5090250000000001,
          0.53905
        ]
      },
      "recall_probe": {
        "auroc_mean": 0.7637799999999999,
        "auroc_std": 0.03152741029643887,
        "auroc_per_fold": [
          0.7739999999999999,
          0.8128,
          0.7151,
          0.7542,
          0.7627999999999999
        ]
      }
    },
    "8": {
      "layer": 8,
      "d_K_norm": 0.07456152886152267,
      "d_R_norm": 0.2676994800567627,
      "cosine_d_K_d_R": 0.018118271604180336,
      "principal_angles_deg": [
        37.66195297241211,
        24.78137969970703,
        21.72648811340332,
        19.348756790161133,
        18.395456314086914,
        16.38840675354004,
        14.977473258972168,
        13.117618560791016,
        10.80097770690918,
        9.184127807617188
      ],
      "mean_principal_angle_deg": 18.638263702392578,
      "min_principal_angle_deg": 9.184127807617188,
      "max_principal_angle_deg": 37.66195297241211,
      "S_K_variance_explained": [
        0.05628151819109917,
        0.05369634926319122,
        0.032957982271909714,
        0.028720440343022346,
        0.024489672854542732,
        0.01942642405629158,
        0.01830447092652321,
        0.01734137535095215,
        0.014680616557598114,
        0.012887799181044102
      ],
      "S_R_variance_explained": [
        0.06159549579024315,
        0.045596130192279816,
        0.03297095000743866,
        0.02818973734974861,
        0.02561117708683014,
        0.02258566953241825,
        0.017941294237971306,
        0.017227105796337128,
        0.015014615841209888,
        0.014376704581081867
      ],
      "S_K_cumulative_var": 0.27878668904304504,
      "S_R_cumulative_var": 0.28110888600349426,
      "membership_probe": {
        "auroc_mean": 0.722575,
        "auroc_std": 0.029655985905041107,
        "auroc_per_fold": [
          0.68245,
          0.75185,
          0.719,
          0.699675,
          0.7598999999999998
        ]
      },
      "recall_probe": {
        "auroc_mean": 0.75386,
        "auroc_std": 0.02930567180598321,
        "auroc_per_fold": [
          0.7595999999999999,
          0.7968,
          0.7047,
          0.7536,
          0.7546
        ]
      }
    },
    "12": {
      "layer": 12,
      "d_K_norm": 0.14894573390483856,
      "d_R_norm": 0.28266286849975586,
      "cosine_d_K_d_R": 0.08990644663572311,
      "principal_angles_deg": [
        32.3637580871582,
        27.187397003173828,
        22.745037078857422,
        22.005849838256836,
        18.46782684326172,
        17.74201202392578,
        16.854976654052734,
        14.245612144470215,
        12.954010963439941,
        10.310789108276367
      ],
      "mean_principal_angle_deg": 19.48772621154785,
      "min_principal_angle_deg": 10.310789108276367,
      "max_principal_angle_deg": 32.3637580871582,
      "S_K_variance_explained": [
        0.045603182166814804,
        0.04098737984895706,
        0.03073049522936344,
        0.025365037843585014,
        0.022472193464636803,
        0.017652371898293495,
        0.016950631514191628,
        0.015977203845977783,
        0.013249814510345459,
        0.012896720319986343
      ],
      "S_R_variance_explained": [
        0.04850117862224579,
        0.0361771322786808,
        0.029263369739055634,
        0.02478787489235401,
        0.023031074553728104,
        0.019560547545552254,
        0.017045391723513603,
        0.016904961317777634,
        0.014064023271203041,
        0.01371859386563301
      ],
      "S_K_cumulative_var": 0.24188503623008728,
      "S_R_cumulative_var": 0.24305413663387299,
      "membership_probe": {
        "auroc_mean": 0.908025,
        "auroc_std": 0.00971316117440667,
        "auroc_per_fold": [
          0.8937999999999999,
          0.915525,
          0.8989499999999999,
          0.9142,
          0.9176500000000001
        ]
      },
      "recall_probe": {
        "auroc_mean": 0.75578,
        "auroc_std": 0.026992695308175527,
        "auroc_per_fold": [
          0.7549,
          0.7935000000000001,
          0.7096,
          0.7651,
          0.7558
        ]
      }
    },
    "16": {
      "layer": 16,
      "d_K_norm": 0.28428590297698975,
      "d_R_norm": 0.31281861662864685,