{
  "model_tag": "p12b",
  "model_path": "runs/controlled_ft/run_20260308_001316/ft_epoch5/model",
  "bcd_dir": "runs/dark_subspace/behavioral_channels/p12b_epoch5 (not bundled in this artefact; canonical run-time output of the matching script in scripts/dark_subspace/)",
  "sae_path": "runs/sae/memcirc_p12b_epoch5_layer18_4x_l1_5e4_member/sae_final.pt",
  "layer": 18,
  "K": 5,
  "is_primary_K": false,
  "gate_pass": true,
  "n_member": 1000,
  "n_nonmember": 1000,
  "probe_seeds": [
    0,
    1,
    2
  ],
  "probe_n_folds": 5,
  "probe_solver": "lbfgs",
  "probe_C": 1.0,
  "probe_weights_sha256": "99958b5ea4899ee4e48d4a8b860d29a17a32509d791ad59f40d032b1dd9bc063",
  "auroc_h_mean": 0.7310016666666667,
  "auroc_h_folds": [
    0.730475,
    0.7406499999999999,
    0.74675,
    0.7182000000000001,
    0.7261000000000001,
    0.7450749999999999,
    0.7070000000000001,
    0.72665,
    0.7373000000000001,
    0.7439,
    0.751425,
    0.7559750000000001,
    0.7227250000000001,
    0.71845,
    0.69435
  ],
  "auroc_h_by_seed": {
    "0": [
      0.730475,
      0.7406499999999999,
      0.74675,
      0.7182000000000001,
      0.7261000000000001
    ],
    "1": [
      0.7450749999999999,
      0.7070000000000001,
      0.72665,
      0.7373000000000001,
      0.7439
    ],
    "2": [
      0.751425,
      0.7559750000000001,
      0.7227250000000001,
      0.71845,
      0.69435
    ]
  },
  "auroc_ablated_mean": 0.6281133333333335,
  "auroc_ablated_folds": [
    0.6206125,
    0.6330125,
    0.62435,
    0.6270874999999999,
    0.6296250000000001,
    0.64195,
    0.6150125,
    0.6498375000000001,
    0.618325,
    0.6258625,
    0.63945,
    0.6452375,
    0.6187125,
    0.61445,
    0.618175
  ],
  "auroc_ablated_by_seed": {
    "0": [
      0.6206125,
      0.6330125,
      0.62435,
      0.6270874999999999,
      0.6296250000000001
    ],
    "1": [
      0.64195,
      0.6150125,
      0.6498375000000001,
      0.618325,
      0.6258625
    ],
    "2": [
      0.63945,
      0.6452375,
      0.6187125,
      0.61445,
      0.618175
    ]
  },
  "delta_auroc_mean": 0.10288833333333335,
  "delta_auroc_folds": [
    0.10986249999999997,
    0.10763749999999994,
    0.12240000000000006,
    0.09111250000000015,
    0.09647499999999998,
    0.10312499999999991,
    0.09198750000000011,
    0.07681249999999995,
    0.11897500000000005,
    0.11803750000000002,
    0.11197500000000005,
    0.11073750000000004,
    0.10401250000000006,
    0.10399999999999998,
    0.07617499999999999
  ],
  "delta_bootstrap": {
    "n_boot": 10000,
    "mean": 0.10293027058333332,
    "std": 0.0045094314720241484,
    "ci95_lo": 0.09415314583333338,
    "ci95_hi": 0.11181845833333325,
    "p_one_sided_leq0": 0.0
  },
  "control_c1_random_orthonormal_K": {
    "n_seeds": 100,
    "mean": 0.7307619666666666,
    "std": 0.0005757009920281736,
    "pct05": 0.72990625,
    "pct50": 0.7308008333333333,
    "pct95": 0.7315940000000001,
    "aurocs": [
      0.7305583333333334,
      0.7307183333333335,
      0.7308016666666667,
      0.7303333333333334,
      0.73109,
      0.7300083333333333,
      0.7306633333333333,
      0.72991,
      0.7302533333333332,
      0.7311333333333334,
      0.7311816666666667,
      0.7321883333333332,
      0.7317816666666667,
      0.7298349999999999,
      0.7315716666666667,
      0.7301633333333333,
      0.7316066666666666,
      0.7306299999999999,
      0.7311983333333334,
      0.7303966666666667,
      0.7314866666666666,
      0.73038,
      0.7303683333333334,
      0.7307999999999999,
      0.7309566666666666,
      0.7309866666666667,
      0.7303366666666666,
      0.7308066666666666,
      0.7314033333333333,
      0.73184,
      0.7313733333333332,
      0.7307433333333333,
      0.73066,
      0.73018,
      0.7309416666666666,
      0.7302466666666667,
      0.7312083333333332,
      0.7311383333333334,
      0.7305383333333333,
      0.7301816666666666,
      0.7305333333333333,
      0.7302216666666667,
      0.7306883333333334,
      0.730065,
      0.7317216666666668,
      0.7308200000000001,
      0.7286366666666668,
      0.731315,
      0.7302716666666667,
      0.7309233333333333,
      0.7299416666666666,
      0.7301483333333331,
      0.7304350000000001,
      0.7305983333333332,
      0.7313266666666666,
      0.7293966666666666,
      0.7312216666666667,
      0.7304416666666669,
      0.7308933333333333,
      0.7310116666666667,
      0.731,
      0.7305183333333333,
      0.7304633333333334,
      0.7302000000000001,
      0.7308433333333332,
      0.7306783333333334,
      0.7312033333333333,
      0.7311599999999999,
      0.7313416666666667,
      0.7300483333333333,
      0.7308899999999999,
      0.7310383333333335,
      0.7312850000000001,
      0.7304266666666667,
      0.7305833333333334,
      0.7311899999999999,
      0.7293383333333332,
      0.7306883333333333,
      0.73131,
      0.730425,
      0.731135,
      0.7309666666666665,
      0.7311150000000001,
      0.7304549999999997,
      0.7315716666666666,
      0.7312083333333331,
      0.7315233333333334,
      0.7294916666666668,
      0.7310316666666665,
      0.7310966666666666,
      0.7307833333333333,
      0.730935,
      0.7310999999999999,
      0.7302250000000001,
      0.7308950000000001,
      0.7315933333333334,
      0.7305366666666667,
      0.7307433333333334,
      0.7312083333333332,
      0.7307383333333332
    ]
  },
  "control_c2_matched_gaussian": {
    "n_seeds": 100,
    "mean": 0.6910002500000002,
    "std": 0.005835903768792894,
    "pct05": 0.6811615833333334,
    "pct50": 0.6916891666666667,
    "pct95": 0.6991109999999999,