{
  "layers_analyzed": [
    0,
    2,
    4,
    6,
    8,
    10,
    12,
    14,
    15
  ],
  "d_model": 2048,
  "n_layers": 16,
  "n_components": 10,
  "n_member": 1000,
  "n_nonmember": 1000,
  "per_layer": {
    "0": {
      "layer": 0,
      "d_K_norm": 0.004254716448485851,
      "d_R_norm": 0.0191516000777483,
      "cosine_d_K_d_R": -0.1208416074514389,
      "principal_angles_deg": [
        42.239620208740234,
        29.9706974029541,
        29.41851043701172,
        22.070703506469727,
        19.82406997680664,
        17.349714279174805,
        14.974366188049316,
        13.156675338745117,
        12.076800346374512,
        9.147845268249512
      ],
      "mean_principal_angle_deg": 21.022899627685547,
      "min_principal_angle_deg": 9.147845268249512,
      "max_principal_angle_deg": 42.239620208740234,
      "S_K_variance_explained": [
        0.06903716921806335,
        0.04441802203655243,
        0.02989848144352436,
        0.026136942207813263,
        0.019528325647115707,
        0.018326207995414734,
        0.014484496787190437,
        0.013074096292257309,
        0.012164614163339138,
        0.01148093119263649
      ],
      "S_R_variance_explained": [
        0.0702456459403038,
        0.04647677764296532,
        0.030626948922872543,
        0.027095109224319458,
        0.02055646851658821,
        0.01752823404967785,
        0.015552430413663387,
        0.014746347442269325,
        0.013348491862416267,
        0.012913592159748077
      ],
      "S_K_cumulative_var": 0.2585492730140686,
      "S_R_cumulative_var": 0.26909002661705017,
      "membership_probe": {
        "auroc_mean": 0.48790000000000006,
        "auroc_std": 0.01434816190318467,
        "auroc_per_fold": [
          0.5025,
          0.47755000000000003,
          0.481225,
          0.47092500000000004,
          0.5073000000000001
        ]
      },
      "recall_probe": {
        "auroc_mean": 0.74892,
        "auroc_std": 0.03245966111961123,
        "auroc_per_fold": [
          0.7612000000000001,
          0.7004,
          0.7669999999999999,
          0.7917000000000001,
          0.7242999999999999
        ]
      }
    },
    "2": {
      "layer": 2,
      "d_K_norm": 0.15952646732330322,
      "d_R_norm": 1.075001835823059,
      "cosine_d_K_d_R": 0.00030307643464766443,
      "principal_angles_deg": [
        51.401180267333984,
        18.093944549560547,
        15.50485610961914,
        12.797767639160156,
        11.445054054260254,
        10.731831550598145,
        9.726746559143066,
        8.852757453918457,
        7.297753810882568,
        6.22991943359375
      ],
      "mean_principal_angle_deg": 15.208181381225586,
      "min_principal_angle_deg": 6.22991943359375,
      "max_principal_angle_deg": 51.401180267333984,
      "S_K_variance_explained": [
        0.11318273097276688,
        0.06801450252532959,
        0.04975663125514984,
        0.04448903724551201,
        0.036804959177970886,
        0.03344614431262016,
        0.026791773736476898,
        0.025693317875266075,
        0.019131692126393318,
        0.017685014754533768
      ],
      "S_R_variance_explained": [
        0.10243604332208633,
        0.06413499265909195,
        0.05184483900666237,
        0.04671778902411461,
        0.04333026707172394,
        0.03387224301695824,
        0.025731129571795464,
        0.02472938969731331,
        0.022028513252735138,
        0.017657704651355743
      ],
      "S_K_cumulative_var": 0.4349958300590515,
      "S_R_cumulative_var": 0.43248289823532104,
      "membership_probe": {
        "auroc_mean": 0.5184200000000001,
        "auroc_std": 0.015237662222270215,
        "auroc_per_fold": [
          0.5263250000000002,
          0.53935,
          0.5183,
          0.49292499999999995,
          0.5152000000000001
        ]
      },
      "recall_probe": {
        "auroc_mean": 0.8042200000000002,
        "auroc_std": 0.030398973666885532,
        "auroc_per_fold": [
          0.8062,
          0.7623,
          0.8331999999999999,
          0.8410000000000001,
          0.7784000000000001
        ]
      }
    },
    "4": {
      "layer": 4,
      "d_K_norm": 0.24966220557689667,
      "d_R_norm": 1.7403924465179443,
      "cosine_d_K_d_R": -0.016292141750454903,
      "principal_angles_deg": [
        27.239013671875,
        22.52699851989746,
        15.764070510864258,
        14.888273239135742,
        13.092264175415039,
        11.418219566345215,
        9.218653678894043,
        7.953916072845459,
        7.377523422241211,
        3.970202684402466
      ],
      "mean_principal_angle_deg": 13.3449125289917,
      "min_principal_angle_deg": 3.970202684402466,
      "max_principal_angle_deg": 27.239013671875,
      "S_K_variance_explained": [
        0.18415598571300507,
        0.08524640649557114,
        0.0543435774743557,
        0.03919440880417824,
        0.03728407993912697,
        0.027705173939466476,
        0.02487293817102909,
        0.02170933596789837,
        0.018296290189027786,
        0.015847474336624146
      ],
      "S_R_variance_explained": [
        0.20709259808063507,
        0.0718379020690918,
        0.055618397891521454,
        0.03926928713917732,
        0.037421729415655136,
        0.03197358921170235,
        0.022588279098272324,
        0.020831115543842316,
        0.01759294979274273,
        0.01652628555893898
      ],
      "S_K_cumulative_var": 0.5086556673049927,
      "S_R_cumulative_var": 0.5207521319389343,
      "membership_probe": {
        "auroc_mean": 0.5123200000000001,
        "auroc_std": 0.019852653475039547,
        "auroc_per_fold": [
          0.53925,
          0.520075,
          0.5220250000000001,
          0.48285,
          0.49740000000000006
        ]
      },
      "recall_probe": {
        "auroc_mean": 0.8292400000000001,
        "auroc_std": 0.03418547059790163,
        "auroc_per_fold": [
          0.8376,
          0.7683000000000001,
          0.8515,
          0.8678999999999999,
          0.8209
        ]
      }
    },
    "6": {
      "layer": 6,
      "d_K_norm": 0.3505295217037201,
      "d_R_norm": 2.2317357063293457,
      "cosine_d_K_d_R": 0.029456449672579765,
      "principal_angles_deg": [
        29.283166885375977,
        24.732820510864258,
        19.583227157592773,
        15.489544868469238,
        14.349491119384766,
        11.402145385742188,
        9.540013313293457,
        8.641985893249512,
        8.079896926879883,
        4.115111351013184
      ],
      "mean_principal_angle_deg": 14.521740913391113,
      "min_principal_angle_deg": 4.115111351013184,
      "max_principal_angle_deg": 29.283166885375977,
      "S_K_variance_explained": [
        0.1755547672510147,
        0.07673389464616776,
        0.05095575377345085,
        0.03769911825656891,
        0.03377590700984001,
        0.02692793495953083,
        0.02481088414788246,
        0.02202230505645275,
        0.016914576292037964,
        0.015614427626132965
      ],
      "S_R_variance_explained": [
        0.2019062489271164,
        0.06375893205404282,
        0.05175633355975151,
        0.03784111142158508,
        0.03268197551369667,
        0.029063662514090538,
        0.023059183731675148,
        0.021778466179966927,
        0.016680320724844933,
        0.016008079051971436
      ],
      "S_K_cumulative_var": 0.4810095727443695,
      "S_R_cumulative_var": 0.49453434348106384,
      "membership_probe": {
        "auroc_mean": 0.5167149999999999,
        "auroc_std": 0.02714064571818436,
        "auroc_per_fold": [
          0.535725,
          0.526875,
          0.5391250000000001,
          0.46460000000000007,
          0.51725
        ]
      },
      "recall_probe": {
        "auroc_mean": 0.8301999999999999,
        "auroc_std": 0.02383728172422349,