{
  "layers_analyzed": [
    0,
    2,
    4,
    6,
    8,
    10,
    11
  ],
  "d_model": 768,
  "n_layers": 12,
  "n_components": 10,
  "n_member": 1000,
  "n_nonmember": 1000,
  "per_layer": {
    "0": {
      "layer": 0,
      "d_K_norm": 0.0033255848102271557,
      "d_R_norm": 0.018362538889050484,
      "cosine_d_K_d_R": -0.1088445782661438,
      "principal_angles_deg": [
        88.00462341308594,
        74.67390441894531,
        71.46072387695312,
        63.2203369140625,
        58.83576583862305,
        48.52346420288086,
        42.500694274902344,
        33.780616760253906,
        33.01333999633789,
        26.68482780456543
      ],
      "mean_principal_angle_deg": 54.06983184814453,
      "min_principal_angle_deg": 26.68482780456543,
      "max_principal_angle_deg": 88.00462341308594,
      "S_K_variance_explained": [
        0.021188773214817047,
        0.015720723196864128,
        0.012420044280588627,
        0.010806967504322529,
        0.00928246509283781,
        0.008550664409995079,
        0.008241293020546436,
        0.0073585486970841885,
        0.006892659235745668,
        0.00671593239530921
      ],
      "S_R_variance_explained": [
        0.031177988275885582,
        0.023570099845528603,
        0.019936131313443184,
        0.017668502405285835,
        0.014452214352786541,
        0.011722696013748646,
        0.0108101237565279,
        0.010176983661949635,
        0.009897532872855663,
        0.009068873710930347
      ],
      "S_K_cumulative_var": 0.10717806965112686,
      "S_R_cumulative_var": 0.1584811508655548,
      "membership_probe": {
        "auroc_mean": 0.48536999999999997,
        "auroc_std": 0.01415792534236567,
        "auroc_per_fold": [
          0.49762500000000004,
          0.475,
          0.49115,
          0.463075,
          0.5
        ]
      },
      "recall_probe": {
        "auroc_mean": 0.7794200000000001,
        "auroc_std": 0.023769341597949238,
        "auroc_per_fold": [
          0.7746000000000001,
          0.7377,
          0.809,
          0.7925,
          0.7833
        ]
      }
    },
    "2": {
      "layer": 2,
      "d_K_norm": 0.06550315022468567,
      "d_R_norm": 0.5407118201255798,
      "cosine_d_K_d_R": -0.02341485023498535,
      "principal_angles_deg": [
        78.84607696533203,
        74.64415740966797,
        65.26461029052734,
        63.846561431884766,
        53.89988708496094,
        47.857994079589844,
        42.26961898803711,
        35.49201583862305,
        33.721153259277344,
        29.8114070892334
      ],
      "mean_principal_angle_deg": 52.56534957885742,
      "min_principal_angle_deg": 29.8114070892334,
      "max_principal_angle_deg": 78.84607696533203,
      "S_K_variance_explained": [
        0.0358162485063076,
        0.025528298690915108,
        0.02075388841331005,
        0.018920307978987694,
        0.017043592408299446,
        0.011755979619920254,
        0.011081661097705364,
        0.009828425943851471,
        0.009145185351371765,
        0.008859737776219845
      ],
      "S_R_variance_explained": [
        0.06869585067033768,
        0.043415702879428864,
        0.037918251007795334,
        0.023036055266857147,
        0.01978001929819584,
        0.018415678292512894,
        0.01582697033882141,
        0.013480027206242085,
        0.011705206707119942,
        0.010894477367401123
      ],
      "S_K_cumulative_var": 0.16873332858085632,
      "S_R_cumulative_var": 0.26316824555397034,
      "membership_probe": {
        "auroc_mean": 0.501635,
        "auroc_std": 0.015802789310751447,
        "auroc_per_fold": [
          0.532625,
          0.494025,
          0.4888,
          0.49860000000000004,
          0.494125
        ]
      },
      "recall_probe": {
        "auroc_mean": 0.8783199999999999,
        "auroc_std": 0.022142755022805976,
        "auroc_per_fold": [
          0.8601,
          0.8474,
          0.8832,
          0.9094,
          0.8915
        ]
      }
    },
    "4": {
      "layer": 4,
      "d_K_norm": 0.11339207738637924,
      "d_R_norm": 0.8850390911102295,
      "cosine_d_K_d_R": 0.1194145455956459,
      "principal_angles_deg": [
        86.42647552490234,
        80.09553527832031,
        71.99166107177734,
        67.5562744140625,
        62.10019302368164,
        54.63833236694336,
        47.72615432739258,
        43.007450103759766,
        37.78425598144531,
        34.55856704711914
      ],
      "mean_principal_angle_deg": 58.58849334716797,
      "min_principal_angle_deg": 34.55856704711914,
      "max_principal_angle_deg": 86.42647552490234,
      "S_K_variance_explained": [
        0.035054996609687805,
        0.02779487706720829,
        0.024613451212644577,
        0.0188936498016119,
        0.01678941212594509,
        0.013159294612705708,
        0.012554592452943325,
        0.011707516387104988,
        0.010329889133572578,
        0.009216563776135445
      ],
      "S_R_variance_explained": [
        0.07686354219913483,
        0.05078788101673126,
        0.038929909467697144,
        0.023013174533843994,
        0.021939359605312347,
        0.0183161161839962,
        0.015236257575452328,
        0.01410770695656538,
        0.011586683802306652,
        0.010646753013134003
      ],
      "S_K_cumulative_var": 0.1801142394542694,
      "S_R_cumulative_var": 0.28142741322517395,
      "membership_probe": {
        "auroc_mean": 0.50844,
        "auroc_std": 0.012352343907129516,
        "auroc_per_fold": [
          0.506625,
          0.5201749999999999,
          0.52495,
          0.495375,
          0.49507500000000004
        ]
      },
      "recall_probe": {
        "auroc_mean": 0.9053599999999999,
        "auroc_std": 0.01663497520286699,
        "auroc_per_fold": [
          0.8933,
          0.8844,
          0.9168,
          0.9309,
          0.9014
        ]
      }
    },
    "6": {
      "layer": 6,
      "d_K_norm": 0.14792931079864502,
      "d_R_norm": 1.2211068868637085,
      "cosine_d_K_d_R": 0.08745726197957993,
      "principal_angles_deg": [
        85.40252685546875,
        76.17658996582031,
        67.39110565185547,
        64.86268615722656,
        58.4373664855957,
        55.613861083984375,
        50.9178466796875,
        40.74917221069336,
        36.074256896972656,
        35.239341735839844
      ],
      "mean_principal_angle_deg": 57.08647537231445,
      "min_principal_angle_deg": 35.239341735839844,
      "max_principal_angle_deg": 85.40252685546875,
      "S_K_variance_explained": [
        0.03259488195180893,
        0.02612842060625553,
        0.024050671607255936,
        0.021611850708723068,
        0.016953159123659134,
        0.01509054470807314,
        0.013661161996424198,
        0.01323553454130888,
        0.011864293366670609,
        0.01041784230619669
      ],
      "S_R_variance_explained": [
        0.07507049292325974,
        0.04882368817925453,
        0.04678061231970787,
        0.03074301965534687,
        0.023593517020344734,
        0.020441455766558647,
        0.01670599728822708,
        0.01518122386187315,
        0.013290666043758392,
        0.01186337973922491
      ],
      "S_K_cumulative_var": 0.18560835719108582,
      "S_R_cumulative_var": 0.3024940490722656,
      "membership_probe": {
        "auroc_mean": 0.5265700000000001,
        "auroc_std": 0.015883367086357986,
        "auroc_per_fold": [
          0.5018,
          0.516,
          0.5432250000000001,
          0.5424,
          0.529425
        ]
      },
      "recall_probe": {
        "auroc_mean": 0.9296800000000001,
        "auroc_std": 0.014136534228728048,
        "auroc_per_fold": [
          0.9369000000000001,
          0.9105000000000001,
          0.9511000000000001,
          0.9188000000000001,
          0.9310999999999999
        ]
      }
    },
    "8": {
      "layer": 8,
      "d_K_norm": 0.20811037719249725,